compound_id,smiles,MG_Score,score,Tc,Lipinski,PAINS
ZINC_250K_2739,O[C@H]1CCC2C1C1CC[C@H](O)C21,0.9704894456360954,0.34070554,0.09836065573770492,1,0
ZINC_250K_9994,NC(=O)CSSCC(N)=O,0.9430988068363952,0.3407012,0.15555555555555556,1,0
ZINC_250K_6213,ClC/C=C/C[N+]12CN3CN(CN(C3)C1)C2,0.9388598345353868,0.34068987,0.08064516129032258,1,0
ZINC_250K_248,ClC(Cl)(Cl)c1nonc1C(Cl)(Cl)Cl,0.9300265431262321,0.34069,0.1111111111111111,1,0
ZINC_250K_1383,SCCCCn1cc[nH+]c1,0.9256441422060075,0.34068432,0.08108108108108109,1,0
ZINC_250K_1194,CC1(C)O[C@H]2O[C@H]3OC(C)(C)O[C@H]3[C@@H]2O1,0.903017588981547,0.3406777,0.1044776119402985,1,0
ZINC_250K_8114,Clc1cscc1-c1cscc1Cl,0.8940007401493955,0.34068224,0.1702127659574468,1,0
ZINC_250K_6199,CC(C)[NH+](C)CCOCC[NH3+],0.8929402918593803,0.34067225,0.09523809523809523,1,0
ZINC_250K_2233,C/C=C/COCC(CC)(CC)CS,0.8881281041178715,0.34067255,0.11363636363636363,1,0
ZINC_250K_4786,C[C@@H]1CCC[C@@H]1[NH2+][C@@H]1CCCS[C@@H]1C,0.8853658659434044,0.3406708,0.10909090909090909,1,0
ZINC_250K_2826,CC[C@H](C)[C@H](C)C[C@@H](C)Br,0.87567626685634,0.34067166,0.14814814814814814,1,0
ZINC_250K_6449,CC(C)C1C[NH+](C[C@H]([NH3+])[C@H](C)O)C1,0.8670796378514183,0.34066308,0.109375,1,0
ZINC_250K_3590,CC1CC[NH+](C2[C@H]3C[NH2+]C[C@@H]23)CC1,0.8511432718425257,0.3406575,0.11864406779661017,1,0
ZINC_250K_5584,C[NH2+]C[C@H](C)[C@H](C)[NH+](C)CC(C)(C)C,0.8407262585183817,0.34065053,0.09859154929577464,1,0
ZINC_250K_4465,OC[C@@H](Br)C(F)(F)Br,0.8397158248655643,0.34065545,0.140625,1,0
ZINC_250K_3056,CCC[NH2+]CC[NH+](C)CC(C)(C)O,0.8395895252149794,0.34065142,0.109375,1,0
ZINC_250K_3436,CC[NH+](CC)[C@@](C)(CC)[C@@H](C)O,0.8323793476403049,0.34065035,0.125,1,0
ZINC_250K_8247,CC1(C)C([NH2+][C@H]2CC[C@H]([NH3+])C2)C1(C)C,0.8299800461826694,0.34064713,0.1076923076923077,1,0
ZINC_250K_7615,OC[C@H]1CCC[NH+]1C1CCCCCCC1,0.8246081232927525,0.34065014,0.14925373134328357,1,0
ZINC_250K_8987,CC(C)c1n[nH]c(=S)n1C,0.8210619000174988,0.34064645,0.1320754716981132,1,0
ZINC_250K_4914,CCC1(CC)CC[NH+](CCCCS)CC1,0.8197196630131549,0.34064162,0.09859154929577464,1,0
ZINC_250K_10425,C=C(C)[C@H](CC(F)(F)F)[NH2+]CC,0.8189083171736925,0.340644,0.12,1,0
ZINC_250K_7939,ClC1(Cl)[C@@H](c2ccccc2)[C@@H]1c1ccccc1,0.8119153113347185,0.3406489,0.18181818181818182,1,0
ZINC_250K_4191,CC(C)[C@@H](Cl)[C@@H]1CCC[C@H]1C,0.8084505472789727,0.3406387,0.11320754716981132,1,0
ZINC_250K_1438,C[C@@H](Cl)[C@@H](C)c1cscc1Br,0.806722902056038,0.34064174,0.14285714285714285,1,0
ZINC_250K_7113,C=C(C)C[C@@H]([NH3+])COCCC,0.8020505730410686,0.34063604,0.11363636363636363,1,0
ZINC_250K_698,O[C@H](c1c(F)c(F)c(F)c(F)c1F)C(Cl)(Cl)Cl,0.8008160073050437,0.34063476,0.1076923076923077,1,0
ZINC_250K_7259,CCC[NH+](C1CC1)[C@@H]1CC[C@H]([NH2+]C)C1,0.7953238988335763,0.3406323,0.10666666666666667,1,0
ZINC_250K_1930,CC(C)[C@@H](C[NH+](C)C)C(=O)[O-],0.7945780454508735,0.34063554,0.1346153846153846,1,0
ZINC_250K_8849,CN(C)C(=S)SCC(N)=O,0.7941751666038847,0.3406382,0.1568627450980392,1,0
ZINC_250K_9048,C[NH2+][C@@H](CCOC)COC(C)C,0.7926165182989098,0.34063643,0.14814814814814814,1,0
ZINC_250K_5413,S=c1[nH]c(-c2ccccc2)c(-c2ccccc2)[nH]1,0.7889401559961604,0.3406427,0.20967741935483872,1,0
ZINC_250K_7952,CC(C)[C@@H](CCOCCO)[C@@H](C)O,0.7847521689478117,0.34063345,0.1509433962264151,1,0
ZINC_250K_9299,C1=CC[C@H](C[NH+]2CC[C@@H](C[NH+]3CCCC3)C2)CC1,0.7823634465544976,0.3406282,0.11764705882352941,1,0
ZINC_250K_10241,N[C@H](c1ccc([S-])cc1)C(F)(F)F,0.7762038182021502,0.34062928,0.14666666666666667,1,0
ZINC_250K_8499,OCC#Cc1ccc(Br)cc1,0.7740479907838881,0.34063062,0.1643835616438356,1,0
ZINC_250K_9434,Nc1ncn(CC(F)(F)F)n1,0.7713318912419524,0.340634,0.2,1,0
ZINC_250K_3107,C[C@H]([NH3+])[C@H]1CCCC(C)(C)CC1,0.768162375408632,0.34062773,0.16129032258064516,1,0
ZINC_250K_7051,CS(=O)(=O)CCSCCCS,0.7669362842555656,0.340623,0.1282051282051282,1,0
ZINC_250K_3431,CC(C)C[NH+](C)CCC(=O)[O-],0.7661714494533667,0.34062454,0.14285714285714285,1,0
ZINC_250K_7161,CCC[C@@H](C)[C@H](O)[C@H](C#N)CC,0.7642833498526711,0.34062198,0.12903225806451613,1,0
ZINC_250K_10077,CO[C@@H]1CCC[C@@H]([NH2+]C2C(C)(C)C2(C)C)C1,0.7622638753240001,0.3406219,0.13513513513513514,1,0
ZINC_250K_6539,CC(C)(C)[C@]1(C(F)(F)C(F)(F)F)CCC[NH2+]1,0.7619934145494848,0.34061956,0.11764705882352941,1,0
ZINC_250K_1769,C[C@H]1CO[C@H]([C@]2(C)OC[C@H](C)O2)O1,0.7576677814547469,0.34062353,0.16326530612244897,1,0
ZINC_250K_3630,CCC[NH+](CCC)[C@@H]1CCC[C@H]([NH2+]C)C1,0.7545638673243606,0.34061828,0.1323529411764706,1,0
ZINC_250K_9440,SCC1(C[NH+]2CCCSCC2)CCCCC1,0.7528719290103699,0.34061363,0.10144927536231885,1,0
ZINC_250K_5118,CC[C@@H](C)N1C(=O)C=CC1=O,0.7493128557597184,0.340626,0.21052631578947367,1,0
ZINC_250K_8001,C=CC(=O)N[C@@H](OC)C(=O)OC,0.7484573727361297,0.34061894,0.15789473684210525,1,0
ZINC_250K_1645,CCC1CCC(C[NH2+][C@@H]2CCC[C@H]2[C@@H]2CCCC[NH2+]2)CC1,0.7483778903224458,0.34061313,0.1125,1,0
ZINC_250K_9840,C[C@H](C(=O)[O-])[C@@H](C)[NH+](C)CCC[NH+](C)C,0.74679562367132,0.34061772,0.15384615384615385,1,0
ZINC_250K_6953,C[C@@H]([NH2+]C1C(C)(C)C1(C)C)c1ccncc1,0.7455810487725346,0.34061772,0.15789473684210525,1,0
ZINC_250K_9290,[NH3+]C[C@@H](c1ccccc1)[NH+]1CCCCCC1,0.744753466366088,0.34062,0.17857142857142858,1,0
ZINC_250K_3554,C=CC(=O)OCC(C)(C)C[NH+](C)C,0.743090928380682,0.34061778,0.16666666666666666,1,0
ZINC_250K_7656,CC[C@](C)([C@H](O)C(C)(C)C)[NH+]1CCCCC1,0.7405386792317755,0.34061185,0.12857142857142856,1,0
ZINC_250K_5318,Cc1c[n+]([O-])cc(C[n+]2ccccc2)[n+]1[O-],0.7392094515186644,0.3406137,0.14754098360655737,1,0
ZINC_250K_4636,O=C=NC(c1ccccc1)(c1ccccc1)c1ccccc1,0.7373242788153613,0.3406212,0.2127659574468085,1,0
ZINC_250K_1630,CC[NH+](CC)C[C@H]1CC[NH2+]C1,0.7367244865629611,0.34061056,0.13114754098360656,1,0
ZINC_250K_9697,CCC[C@@H](C)N1CCC[NH2+]CC1,0.7366495707139341,0.34060997,0.1267605633802817,1,0
ZINC_250K_8546,C[C@@H]1C[NH+]([C@@H](C)/C(N)=N/O)C[C@@H]1C,0.735439776966996,0.3406069,0.10666666666666667,1,0
ZINC_250K_2540,CC(C)[C@@H](C)NC(=O)CSCC[NH3+],0.7332456886036851,0.34061292,0.16129032258064516,1,0
ZINC_250K_2086,C[C@@H](C(=O)[O-])[C@@H](N[S@](=O)C(C)(C)C)C(C)(C)C,0.731974436820385,0.34060895,0.13432835820895522,1,0
ZINC_250K_1243,CNC(=S)NNc1ccc(Br)cc1,0.7314349836982592,0.34061512,0.18461538461538463,1,0
ZINC_250K_8688,CCC1(C[NH2+]CC2(CC(C)C)CCCC2)CC[NH2+]CC1,0.7313476269551973,0.34060666,0.11842105263157894,1,0
ZINC_250K_3099,CCCC12C[C@@H]3C[C@@H](CC([NH3+])(C3)C1)C2,0.7275972203393951,0.34061036,0.16,1,0
ZINC_250K_8841,CC(C)(O)CC[NH2+]CC(=O)[O-],0.7274337831140747,0.34060755,0.13846153846153847,1,0
ZINC_250K_1920,CCC(CC)([C@H](O)COC(C)C)[NH+](C)C,0.7273690476892382,0.34060687,0.13333333333333333,1,0
ZINC_250K_2281,CCC(CC)C(=O)[C@H](C)OC,0.7263943245648206,0.340616,0.20833333333333334,1,0
ZINC_250K_210,CCC(CC)[S@](=O)CCC(=O)[O-],0.7251746423750753,0.34060806,0.15,1,0
ZINC_250K_5183,CC1(C)C(C[NH2+][C@@H]2CCC[C@@H]2[C@@H]2CCCC[NH2+]2)C1(C)C,0.7241230925198394,0.3406021,0.10666666666666667,1,0
ZINC_250K_5563,C=C(C)[C@H]([NH3+])c1ccc(F)cc1,0.7218743096020381,0.3406139,0.20689655172413793,1,0
ZINC_250K_3421,C[N+]1(/N=C(\[S-])NN)CCOCC1,0.7213150138363779,0.34060523,0.140625,1,0
ZINC_250K_6190,C[NH+](C)CCCC[NH2+][C@@H]1CC(C)(C)OC1(C)C,0.7187396106417351,0.3406,0.10810810810810811,1,0
ZINC_250K_5792,NC(=S)c1n[nH]cc1Br,0.7186148010988191,0.34060332,0.1346153846153846,1,0
ZINC_250K_9519,O[C@H](c1ccccc1)c1cscc1Br,0.7174126051360978,0.34061113,0.2,1,0
ZINC_250K_2352,CC[C@H](C)[C@@H]1CCCC[C@H]([NH2+]C)C1,0.716949553880153,0.34060577,0.15942028985507245,1,0
ZINC_250K_3483,CC1(C)CCCC[C@H]1[NH+]1CCCC[C@@H]1CC[NH3+],0.7166257893797189,0.34060022,0.11688311688311688,1,0
ZINC_250K_6034,CC(C)CNC(=O)C[NH2+]C1C(C)(C)C1(C)C,0.7160739440918674,0.34061238,0.21428571428571427,1,0
ZINC_250K_9922,Nc1noc(-c2ccoc2)c1Br,0.715800768225612,0.34060913,0.1896551724137931,1,0
ZINC_250K_7972,CCC(C(=O)OC(C)(C)C)(C(F)(F)F)C(F)(F)F,0.7143289824504461,0.34060594,0.1694915254237288,1,0
ZINC_250K_9837,O=C([O-])CC1(C(=O)[O-])CCCCCC1,0.7142303242022601,0.34060627,0.1724137931034483,1,0
ZINC_250K_10053,C[NH+]1CCN(C(=O)Cl)CC1,0.7131162337445284,0.34060648,0.17777777777777778,1,0
ZINC_250K_2011,C[NH2+]C[C@H](C)[C@H](C)n1cccn1,0.7122229309475404,0.34060535,0.171875,1,0
ZINC_250K_1258,CCC[NH+](CCO)C[C@H]1[C@H](N)C(C)(C)OC1(C)C,0.7121510632288605,0.3405965,0.10256410256410256,1,0
ZINC_250K_7980,O=[N+]([O-])c1[nH]c(Br)nc1I,0.7108064734782011,0.34060135,0.14516129032258066,1,0
ZINC_250K_7668,C=CCn1c(=O)n(CC=C)c(=O)n(CCN2C(=O)C=CC2=O)c1=O,0.710235154347472,0.340602,0.15217391304347827,1,0
ZINC_250K_7918,CSc1ccc(/C=C(\C)[N+](=O)[O-])cc1,0.7096915260430724,0.3406104,0.22,1,0
ZINC_250K_1798,CN(C)C(=S)N(C(=S)N(C)C)c1ccccc1,0.7075331838195594,0.340608,0.20833333333333334,1,0
ZINC_250K_10253,C1CC(OC[C@H]2C[C@H]3CC[C@@H]2C3)CC[NH2+]1,0.7070454242338579,0.3405946,0.10465116279069768,1,0
ZINC_250K_1346,COC[C@H](C)Cc1nnc(C[NH3+])o1,0.7060351796545878,0.3405988,0.14102564102564102,1,0
ZINC_250K_8949,CC1(C)CCC(O)(C[NH2+][C@@H]2CSCCC2(C)C)CC1,0.7055706694650331,0.34059858,0.14084507042253522,1,0
ZINC_250K_5591,C[NH2+]C[C@@H]1CCCO[C@H]1C(C)(C)C,0.7050554691852384,0.34059533,0.11702127659574468,1,0
ZINC_250K_4331,NC1=c2cc(Br)ccc2=[NH+]C1,0.7036857398918085,0.34059995,0.15789473684210525,1,0
ZINC_250K_2029,C[C@@H](C[C@@H]1CCCC[NH2+]1)[NH2+]C[C@@H]1CCCC[NH+]1C,0.7020481608810828,0.34059396,0.11627906976744186,1,0
ZINC_250K_4822,CSCC[NH2+]Cc1nc(C)c(C)s1,0.7014166571610033,0.34059948,0.16176470588235295,1,0
ZINC_250K_4794,[NH3+]CC(=O)c1ccc(F)cc1,0.7001365468002464,0.34060663,0.2222222222222222,1,0
ZINC_250K_9854,CCC1CCC(C[NH3+])([NH+](C)[C@@H](C)CC)CC1,0.6999964181968915,0.34059787,0.15384615384615385,1,0
ZINC_250K_4956,CC(C)[C@H](C)[NH2+][C@H]1CCOC2(CCCC2)C1,0.6999872266292351,0.34059465,0.12857142857142856,1,0
ZINC_250K_1178,C[C@H]1CC(N)=C(C#N)C1(C#N)C#N,0.6977576252150692,0.34059992,0.1774193548387097,1,0
ZINC_250K_2458,NC(=O)c1ccc([N+](=O)[O-])s1,0.6975782275958644,0.3406023,0.19672131147540983,1,0
ZINC_250K_3771,CCN(CC(N)=S)C(=O)OC(C)(C)C,0.6971257476414646,0.34059766,0.16176470588235295,1,0
ZINC_250K_6463,CC1CCN(/C(N)=[NH+]/C2CC2)CC1,0.6966837315083401,0.34060052,0.18571428571428572,1,0
ZINC_250K_9562,Cc1cscc1[C@H]([NH3+])c1cc(F)cc(F)c1,0.6962965185655808,0.34059986,0.18181818181818182,1,0
ZINC_250K_9872,CCN(CC(C)(C)O)c1nsnc1Cl,0.6958161981834176,0.34059688,0.16,1,0
ZINC_250K_7945,CCC[NH2+][C@@H]1CC[C@@H](C(CC)CC)C1,0.6950938194399381,0.34059212,0.125,1,0
ZINC_250K_8926,CNS(=O)(=O)[C@@H]1CC[NH+](CC(C)(C)C)C1,0.6948584427822455,0.3405964,0.15942028985507245,1,0
ZINC_250K_2557,C=CC(=O)NCOCC(C)C,0.6935568574981743,0.34059677,0.16666666666666666,1,0
ZINC_250K_7565,C[NH2+][C@H](C=C(C)C)c1ccncc1,0.6930478823901961,0.34059587,0.16129032258064516,1,0
ZINC_250K_1813,COC[C@](C)(O)C1(C#N)CCCC1,0.6927836311017719,0.34059837,0.18181818181818182,1,0
ZINC_250K_2656,COC[C@H](O)CCCC(F)(F)F,0.6927649652789026,0.34059575,0.16129032258064516,1,0
ZINC_250K_9514,CC(C)C[NH+](C(C)C)[C@@]1(CN)CSCC(C)(C)C1,0.6922347111789868,0.34058914,0.1111111111111111,1,0
ZINC_250K_7077,CC[C@H](C[NH2+]C)Cc1nc(C)cs1,0.6917525859441307,0.34060353,0.22580645161290322,1,0
ZINC_250K_10059,CC(C)(O)CC[NH+]1CCC[C@H]1C1CC[NH2+]CC1,0.6880546194034806,0.34059167,0.14492753623188406,1,0
ZINC_250K_10214,CNC(=O)O/N=C(\C)[C@H](C)SC,0.6878479965776413,0.340591,0.14035087719298245,1,0
ZINC_250K_6333,O=C(C1CCCC1)N1CCCCCC1,0.6874912714399808,0.3406018,0.22641509433962265,1,0
ZINC_250K_5449,CC(=O)N[C@H]1CSC[C@@H]1OC(C)=O,0.6872130012201194,0.3405962,0.18333333333333332,1,0
ZINC_250K_5501,C1CC2(C1)C[C@@H]([NH2+]C1COC1)CCO2,0.6871824420115146,0.3405897,0.1323529411764706,1,0
ZINC_250K_10488,O=C([O-])[C@@]12CCC[C@@H](C[NH2+]1)C2,0.6865072395064307,0.34059277,0.15873015873015872,1,0
ZINC_250K_4071,CCSc1nnc(NC)s1,0.6864808708807087,0.3405945,0.1724137931034483,1,0
ZINC_250K_654,CN1C[NH+](C)CC2=C1NCNS2(=O)=O,0.6861460803425482,0.34058985,0.136986301369863,1,0
ZINC_250K_9189,C#CCN(CC)C1CCC([NH3+])CC1,0.685609735492128,0.34058633,0.1111111111111111,1,0
ZINC_250K_9405,CC(C)C1CCC(C(=O)N[C@@H](C(=O)[O-])C(C)C)CC1,0.6853264377199054,0.34059593,0.1875,1,0
ZINC_250K_2274,COC(=O)[C@@H](N)CC(=O)OC(C)(C)C,0.6852699441828236,0.3405958,0.18666666666666668,1,0
ZINC_250K_5958,O[C@H]1CCC[C@@H]1CC[NH+](CC1CC1)C1CC1,0.6848607517343483,0.34058884,0.13333333333333333,1,0
ZINC_250K_5411,C[C@@H]1C[C@H]1C[NH+](C)[C@@H]1CCCC(C)(C)[C@@H]1[NH3+],0.6846258863262691,0.34058768,0.125,1,0
ZINC_250K_3685,CC[C@@H](O)[C@@]1(C[NH3+])CCC[C@H](C)C1,0.6823901376903727,0.34059,0.1506849315068493,1,0
ZINC_250K_1252,CCN(CC)c1ccc(N)c(N)[nH+]1,0.6800133924350134,0.34059748,0.21739130434782608,1,0
ZINC_250K_6545,CCC(CC)[C@H]1CCCCC[C@@H]1[NH2+]C,0.6798979299106034,0.34059066,0.16417910447761194,1,0
ZINC_250K_7501,O=S1(=O)C[C@@H]2NC(=S)N(O)[C@H]2C1,0.6794491740340661,0.34058967,0.15789473684210525,1,0
ZINC_250K_7555,C[NH2+][C@H]1CC[C@@H](N2CCC([NH+](C)C)CC2)C1,0.679156854956854,0.34058598,0.12987012987012986,1,0
ZINC_250K_878,CC(C)CNC(=O)[C@](C)(N)C(F)(F)F,0.6779360662586029,0.34059876,0.234375,1,0
ZINC_250K_7117,CN1C(N)=[NH+]C[C@@]12CCCSC2,0.6755332777041329,0.34058246,0.11428571428571428,1,0
ZINC_250K_8227,Cc1ccc(CC(N)=S)cc1,0.6745712201258266,0.34059343,0.2037037037037037,1,0
ZINC_250K_2457,CO[C@H](C)c1noc([C@H](C(C)C)[C@@H](C)[NH3+])n1,0.6730072700306519,0.34059057,0.1864406779661017,1,0
ZINC_250K_10481,CC[S@@](=O)CCN1C(=O)NC(C)(C)C1=O,0.6729953234654652,0.3405885,0.1702127659574468,1,0
ZINC_250K_5782,O=c1cc(C(O)(c2ccccc2)c2ccccc2)cc[nH]1,0.6722865118488913,0.34059295,0.20754716981132076,1,0
ZINC_250K_6106,CC[C@H](CS)C[NH+](CC)C1CCCCC1,0.6722755841785393,0.34058625,0.15492957746478872,1,0
ZINC_250K_1122,Cc1ccc(F)c(Br)n1,0.6722292479749221,0.34059024,0.1864406779661017,1,0
ZINC_250K_3581,COc1cc2c(cc1OC)CC([NH3+])C2,0.6712726407365578,0.34059262,0.20833333333333334,1,0
ZINC_250K_2921,NC(=[NH2+])c1ccc2ccccc2c1,0.6710469416146418,0.3405968,0.24193548387096775,1,0
ZINC_250K_7805,C[NH2+][C@]1(CO)CC[C@@H]([NH+]2C[C@H](C)C[C@H](C)C2)C1,0.6708958408783494,0.34058166,0.12345679012345678,1,0
ZINC_250K_2863,CCC[C@H](C[NH3+])[C@@]1(O)CCC[NH+](CC)CC1,0.6705676009031598,0.34058088,0.11842105263157894,1,0
ZINC_250K_3039,C[NH2+][C@H](COC(C)C)c1ncccn1,0.6702554846986812,0.3405947,0.22807017543859648,1,0
ZINC_250K_3547,CCC(CC)[NH+](C)CCC(=O)NC(N)=O,0.6702494785141858,0.3405862,0.16129032258064516,1,0
ZINC_250K_3545,CC[NH2+][C@@H]1CCCC[C@H]1SC[C@@H](C)CO,0.669384945144075,0.34058797,0.1780821917808219,1,0
ZINC_250K_546,N#CCC[NH2+]C1(C(=O)[O-])CC1,0.6683061531165668,0.34058037,0.12195121951219512,1,0
ZINC_250K_5086,O=C([O-])CCC12CC3CC(CC(C3)C1)C2,0.6678041240647489,0.34058973,0.19718309859154928,1,0
ZINC_250K_4518,C[NH2+][C@@H]1CCC[C@H]([C@@H]2CCC[C@H](S(C)(=O)=O)C2)C1,0.6658353759218785,0.3405838,0.15714285714285714,1,0
ZINC_250K_2689,CC[C@H]1CCC[C@](C[NH3+])(C2(O)CCCCCC2)C1,0.6657143136276117,0.34058467,0.1643835616438356,1,0
ZINC_250K_6239,C[NH2+][C@@H](c1cscc1C)c1cc(OC)c(OC)cc1C,0.6651327437695462,0.34058723,0.1864406779661017,1,0
ZINC_250K_3542,CCC(CC)[C@@H](C(=O)OC)C(=O)C(C)C,0.6635262982895694,0.34059027,0.21568627450980393,1,0
ZINC_250K_3191,FC(F)(F)[C@@H](Br)c1ccccc1Cl,0.6633924099948086,0.3405878,0.19672131147540983,1,0
ZINC_250K_3192,COC(=O)[C@H](C#N)C(F)(F)F,0.6632993222708341,0.34058282,0.15789473684210525,1,0
ZINC_250K_3636,FC(F)(Cl)Oc1ccccc1,0.6630269857455506,0.34058988,0.21428571428571427,1,0
ZINC_250K_7413,C[C@@H](O)[C@H](C)C1(C(=O)[O-])CCCCCC1,0.6614874154546132,0.34058282,0.16393442622950818,1,0
ZINC_250K_6142,C[NH2+][C@H](c1ccccc1C)[C@H](C)OC,0.6608306672525928,0.34058765,0.20408163265306123,1,0
ZINC_250K_1285,[NH3+]C1([C@H]2CCO[C@@]3(CCSC3)C2)CCCC1,0.6596245731540648,0.34057614,0.11764705882352941,1,0
ZINC_250K_7316,NC(=O)N/N=C/c1c(F)c(F)c(F)c(F)c1F,0.6578501621683434,0.34058818,0.21818181818181817,1,0
ZINC_250K_9427,CCC1(CC)C[NH+](C2(C(=O)[O-])CC2)C1,0.6573466636863549,0.34057978,0.15384615384615385,1,0
ZINC_250K_9202,NC1=C(Cl)[C@H](C(=O)[O-])N=[NH+]1,0.6573343439426697,0.34057915,0.14893617021276595,1,0
ZINC_250K_2422,CC[NH+]1CCC[C@@H]1C[NH+](C)CCC(=O)[O-],0.657052267920105,0.34057763,0.13793103448275862,1,0
ZINC_250K_412,Oc1ccccc1/C=[NH+]/CCC/[NH+]=C/c1ccccc1O,0.6568431701504654,0.34059238,0.2545454545454545,1,0
ZINC_250K_9411,CC[NH+]1CCC[C@H]([NH2+][C@@H](C)CCCO)CC1,0.6559116981238357,0.34057754,0.14102564102564102,1,0
ZINC_250K_3713,[NH3+][C@H](Cc1ccc(O)cc1)c1ncccn1,0.6556245527338422,0.3405858,0.20689655172413793,1,0
ZINC_250K_8468,CC1(C)O[C@@H]2[C@@H](O1)[C@H](O)O[C@H]2[C@H]1COC(C)(C)O1,0.6554450065905972,0.34057614,0.13157894736842105,1,0
ZINC_250K_8126,C[C@@H]1CN(CC#N)C[C@@H](C)O1,0.6554252577266172,0.34059194,0.2558139534883721,1,0
ZINC_250K_5319,CC1(C)C[C@](O)([C@@H]2CCOC3(CCC3)C2)CCO1,0.6550974306716284,0.34057653,0.13580246913580246,1,0
ZINC_250K_2096,CC1(C)CCC(O)([C@]2(C#N)CCOC2)CC1,0.6549992358415523,0.34057713,0.14084507042253522,1,0
ZINC_250K_734,C[C@H]1CCCC[NH+]1C[C@@H]1CCC(C)(C)[C@@H]1[NH3+],0.6542594497262352,0.3405748,0.125,1,0
ZINC_250K_6160,C[C@]12CC3CC(Cc4nnc(C[NH3+])s4)(C1)C[C@@](C)(C3)C2,0.6533956157952311,0.34058428,0.20238095238095238,1,0
ZINC_250K_5185,CCn1c(=O)c(I)cn(C)c1=O,0.6525457677368547,0.34059316,0.275,1,0
ZINC_250K_1671,CC1(C)C[C@@H]1NC(=O)[C@@](C)(N)C(F)(F)F,0.6518030071730948,0.34057906,0.16666666666666666,1,0
ZINC_250K_7494,Brc1nc(C[NH2+]C2CC2)cs1,0.6517702404750414,0.34058133,0.18461538461538463,1,0
ZINC_250K_2769,C[C@@H](Cc1[nH+]ccn1C)C[C@@H](C)Br,0.6517188914727708,0.34057984,0.17307692307692307,1,0
ZINC_250K_2380,CCC[NH+](C1CCC([NH3+])CC1)[C@H]1CCOC1,0.6516259835789645,0.34057644,0.14666666666666667,1,0
ZINC_250K_2735,C[C@@H]1[C@@H](C)CCC[C@@]1([NH3+])[C@@H]1CCOC2(CCCC2)C1,0.6512645394241974,0.34057242,0.11627906976744186,1,0
ZINC_250K_4680,C[C@@H](C(=O)[O-])[C@@H](C)C(=O)c1ccc(Br)cc1,0.6508203916135538,0.3405868,0.23076923076923078,1,0
ZINC_250K_1313,C[C@@H](C[C@@H]1CCCCC[NH2+]1)[NH2+]CC(C)(C)C,0.6506357736898302,0.34057602,0.14666666666666667,1,0
ZINC_250K_4791,CC[NH2+][C@H](Cc1nc(C)cs1)c1cscc1C,0.649306809738619,0.34058112,0.19117647058823528,1,0
ZINC_250K_408,C=CCN(CC(=O)[O-])C(=O)[C@@H](C[NH3+])C(C)C,0.6490453982019286,0.34057328,0.13043478260869565,1,0
ZINC_250K_2809,CC(C)[C@H]1CC[C@@H](C)C[C@H]1OC(=O)C=O,0.6482989109957848,0.3405779,0.16923076923076924,1,0
ZINC_250K_7131,COCC[C@](C)(O)C1(C[NH3+])CCC(C)(C)CC1,0.6479302053339969,0.340579,0.1791044776119403,1,0
ZINC_250K_76,COCC[C@H](C)C(=O)N[C@@H](C)COC,0.6477670288798556,0.34058255,0.20754716981132076,1,0
ZINC_250K_1528,CC[C@H]1CCCCN(C)C1=O,0.6475773724672607,0.34058735,0.2459016393442623,1,0
ZINC_250K_7230,CCC[NH2+]C[C@H](C)[C@@H](C)[NH+]1CCC2(CCCCC2)CC1,0.6470873697779355,0.34057137,0.12195121951219512,1,0
ZINC_250K_7475,C[C@H]([C@@H](C)O)[NH+]1CC[C@@](C)(C(=O)[O-])C1,0.6465626798929848,0.34057507,0.1527777777777778,1,0
ZINC_250K_3137,CCC[C@@](O)(c1ccccc1)[C@H](C)C#N,0.6463448663135705,0.3405833,0.21818181818181817,1,0
ZINC_250K_4035,O=C(N=C1NCCCCCN1)c1ccc(Br)cc1,0.6456113380057921,0.3405792,0.18840579710144928,1,0
ZINC_250K_4068,COc1cc(C[C@H](C)CO)cc(OC)c1,0.6453352024888864,0.34058413,0.22807017543859648,1,0
ZINC_250K_4768,COCC[NH+]1CC[C@H]2CCCC[C@@H]2C1,0.6449274820876225,0.34057647,0.16923076923076924,1,0
ZINC_250K_2957,CC(=O)NCCNC(=O)CSC1CCCC1,0.6448375742940642,0.34058622,0.24615384615384617,1,0
ZINC_250K_6698,Cc1ccc([C@H]2C[C@@H]2[NH3+])s1,0.6444925174318249,0.34057808,0.18333333333333332,1,0
ZINC_250K_8056,Cc1ccn(CC/C(N)=N\O)n1,0.6438690927079839,0.34057862,0.1896551724137931,1,0
ZINC_250K_5831,CC(C)Cc1ccc([C@H](O)[C@@H]([NH3+])c2ccccc2)cc1,0.6437886221851881,0.34058172,0.21428571428571427,1,0
ZINC_250K_2014,NNc1nnc(SC2CCCCC2)n1N,0.6436776463104544,0.34057358,0.1506849315068493,1,0
ZINC_250K_7756,CC(C)C1CCC([NH+](C)CCn2cnnc2)CC1,0.6436099987622121,0.34057304,0.14666666666666667,1,0
ZINC_250K_2916,C[C@H]1CC[C@H]([NH3+])[C@H](N2CC[NH+]3CCC[C@@H]3C2)C1,0.6433392487471348,0.3405686,0.11267605633802817,1,0
ZINC_250K_8729,Cc1csc(CSC[C@@H](C)C[NH3+])n1,0.6429873855070103,0.34057996,0.203125,1,0
ZINC_250K_9126,C[NH2+]C[C@H]1C[C@H]1c1cccs1,0.6427541499938209,0.34057578,0.17105263157894737,1,0
ZINC_250K_1881,CCC[C@H]1CCC[NH+](CCCS)CC1,0.6426961460402554,0.34057343,0.1527777777777778,1,0
ZINC_250K_727,CSc1cc(-c2cccs2)oc(=O)c1C#N,0.6416179911705884,0.34057474,0.16666666666666666,1,0
ZINC_250K_1900,Cc1ccc2c(c1)sc[n+]2Cc1ccc(CBr)cc1,0.6413867172898466,0.3405752,0.17105263157894737,1,0
ZINC_250K_7950,Cc1c(Br)cc(C(=O)[O-])c(C)c1C,0.6392426489224562,0.34057498,0.17647058823529413,1,0
ZINC_250K_5327,CCC[NH2+][C@@H](C)c1ccc(SCC(C)C)cc1,0.6391856230954029,0.34057286,0.16,1,0
ZINC_250K_2291,Cc1nc(-c2ccc(Br)cc2)[nH]c1C,0.6385262847678189,0.34058276,0.24,1,0
ZINC_250K_2885,C[NH+](C)CCS[C@@H]1C[C@H](C(C)(C)C)CC[C@@H]1C#N,0.6384600893262676,0.3405683,0.12658227848101267,1,0
ZINC_250K_2446,C[C@@H]1CN(S(=O)(=O)[C@@H]2CCC[NH2+]C2)C[C@H]1C,0.6383151804877452,0.3405781,0.20408163265306123,1,0
ZINC_250K_5101,C[C@@H]1CCCC[NH+]1[C@]1(C[NH3+])CC(C)(C)OC1(C)C,0.6379182900017836,0.34057105,0.15,1,0
ZINC_250K_1680,O=S1(=O)CC[C@@H]([NH2+][C@H]2CCC[C@@H]2[C@@H]2CCCC[NH2+]2)C1,0.6374865094760463,0.3405635,0.09210526315789473,1,0
ZINC_250K_9285,CC(C)c1nsc(N(C)CC(C)(C)O)n1,0.6365579094228317,0.34057197,0.16176470588235295,1,0
ZINC_250K_1254,CCC[NH+](CCC)[C@@H]1CCC(=O)C1,0.6362189896323188,0.34057245,0.16666666666666666,1,0
ZINC_250K_1632,C[NH2+]C[C@H]1C[C@H]1c1ccccc1Br,0.635293562907579,0.3405758,0.19607843137254902,1,0
ZINC_250K_906,NC(=O)C1(N2CCCC2)CC[NH2+]CC1,0.6352652679460538,0.34057072,0.15625,1,0
ZINC_250K_648,COC(=C(C#N)C#N)c1cccs1,0.6341916836402869,0.3405726,0.1746031746031746,1,0
ZINC_250K_8098,CC[C@@H]1CC[C@@H](N(CC#N)C2CCCC2)C1,0.6339553281938655,0.340568,0.13924050632911392,1,0
ZINC_250K_4939,[NH3+]C[C@](O)(CN1CC[NH+]2CCCC[C@H]2C1)C1CC1,0.6334774400566617,0.34056497,0.11702127659574468,1,0
ZINC_250K_6385,Cc1ccc(-c2ncnc(N)n2)cc1,0.6329382710228548,0.3405753,0.2,1,0
ZINC_250K_4173,CC(C)[NH+](C[C@@H](C)O)C1C[C@H](C)O[C@@H](C)C1,0.6323465790085628,0.34056956,0.1568627450980392,1,0
ZINC_250K_1367,C[C@@H]1CCCC[C@H]1[NH+]1CCC([NH2+][C@@H]2CCCCC[C@@H]2CO)CC1,0.6319797272207114,0.34056535,0.125,1,0
ZINC_250K_1110,CCC1(CC)C(=O)NC(=NNC(N)=S)NC1=O,0.6317884192596228,0.34056845,0.15,1,0
ZINC_250K_910,CCC(=O)NN/C(C)=C/C(=O)NCC(C)(C)C,0.6317691628072319,0.3405691,0.15517241379310345,1,0
ZINC_250K_7576,C[NH2+][C@@H](C)c1nc2ncc(C)cc2[n-]1,0.6304947999886412,0.3405691,0.15942028985507245,1,0
ZINC_250K_7234,OCCC#Cc1ccsc1CSC[C@@H](O)CO,0.6299110958238345,0.34056523,0.13095238095238096,1,0
ZINC_250K_6143,[NH3+]CCOCc1cc(F)cc(Br)c1,0.6294966494036428,0.34057033,0.1724137931034483,1,0
ZINC_250K_1667,CC(=O)N=P(N1CCCCC1)(N1CCCCC1)C(C)(C)C,0.6291304778351882,0.34057114,0.18,1,0
ZINC_250K_9926,NNc1ccc(Cl)c2ccccc12,0.6285808283758593,0.34057492,0.21153846153846154,1,0
ZINC_250K_10156,CCCN(CC)[C@H](C[NH3+])c1ccc(C)o1,0.6278263827460487,0.3405746,0.21153846153846154,1,0
ZINC_250K_4507,CC(C)[C@@H]([NH3+])[C@H](C)CCc1ccccc1,0.627589835901744,0.3405909,0.3404255319148936,1,0
ZINC_250K_4994,CCC[C@@H]1CC[C@H](C[NH3+])[C@H]([NH+]2C[C@H](C)C[C@H](C)C2)C1,0.626747108940744,0.34056154,0.1125,1,0
ZINC_250K_8437,Nc1ccc(/N=N\c2ccccc2)c(N)c1,0.626516354238564,0.3406357,0.19607843137254902,1,1
ZINC_250K_6981,CCC[NH+](C)Cc1cc2c(cc1N)OCCO2,0.6264527343845077,0.34057054,0.18421052631578946,1,0
ZINC_250K_4559,CC(C)(CBr)CN1C(=O)C(C)(C)S1(=O)=O,0.6250791630507253,0.34056523,0.14705882352941177,1,0
ZINC_250K_9937,CCCN1CC(=O)N(CCC(C)=O)CC1=O,0.6248315759072733,0.34056762,0.16666666666666666,1,0
ZINC_250K_568,COc1cccc(C[NH2+]Cc2cccc(Br)c2OC)c1OC,0.6245121917409616,0.34056827,0.1728395061728395,1,0
ZINC_250K_166,CC(=O)N[C@@H](C(=O)NC1COC1)C(C)C,0.6244007443519235,0.3405681,0.171875,1,0
ZINC_250K_7244,CCN[C@@]1(C#N)CCC[C@H]([NH+]2CCC(C)(C)CC2)C1,0.6242228102876621,0.34056163,0.12162162162162163,1,0
ZINC_250K_1124,[NH3+]C1CC(c2ccccc2F)C1,0.6235603153740282,0.34057415,0.2222222222222222,1,0
ZINC_250K_5481,CC(C)[NH+](CCO)Cc1ccc(C#N)cc1,0.6232784505895334,0.3405719,0.2054794520547945,1,0
ZINC_250K_1408,[NH3+]C[C@H]1CCC[C@H]1N1CCOCC1,0.6232632964436471,0.34056988,0.1896551724137931,1,0
ZINC_250K_1593,CC1CCC(C#N)([C@H](O)C=O)CC1,0.6227579749587281,0.34056395,0.14473684210526316,1,0
ZINC_250K_141,CC[C@@H](C)[C@@H]([NH3+])c1ccc(Cl)s1,0.6223886083672593,0.3405677,0.17543859649122806,1,0
ZINC_250K_9529,Cc1cscc1[C@H](O)c1cccc(F)c1F,0.621528501952772,0.34056902,0.18867924528301888,1,0
ZINC_250K_7580,[NH3+]Cc1ccc(-c2ccc(OCC(F)(F)F)cc2)cc1,0.6211194804575675,0.3405725,0.21739130434782608,1,0
ZINC_250K_4709,CCC(CC)([C@@H](Cc1ccc[nH+]c1N)NC)[NH+](C)C,0.6202293771911944,0.34056374,0.15151515151515152,1,0
ZINC_250K_8285,C[C@H](CC[NH2+]C1CCCCCCC1)[S@@](C)=O,0.6202235082016835,0.34056434,0.15625,1,0
ZINC_250K_7847,CC1(C)CCC[C@@H](S(=O)(=O)C2CCCCC2)[C@@H]1[NH3+],0.6200353961847669,0.3405623,0.14084507042253522,1,0
ZINC_250K_10282,Cc1c(C)c(C)c(S(=O)(=O)NC2CC2)c(C)c1C,0.6198769310566224,0.34056976,0.2,1,0
ZINC_250K_3396,Nc1cnccc1SCc1ncon1,0.6198269177212222,0.34056616,0.171875,1,0
ZINC_250K_1385,CC(C)(C)OC(=O)[C@@H]1N[C@H](C(=O)[O-])C(C)(C)S1,0.6197850454036665,0.34056523,0.16470588235294117,1,0
ZINC_250K_5414,C[C@@H](CS)CN(C)c1ccc(F)cc1,0.6194877196290876,0.34056705,0.18,1,0
ZINC_250K_8616,C=CCC[C@H](C)c1ccccc1,0.6180945255192458,0.340571,0.21568627450980393,1,0
ZINC_250K_4402,CC[C@H](C)C[NH+](C)[C@@H]1CC[C@@](CO)([NH2+]C)C1,0.6177854209729489,0.340563,0.15384615384615385,1,0
ZINC_250K_4742,CCCCCSc1nnc([O-])[nH]c1=O,0.6166830633874902,0.34056693,0.18840579710144928,1,0
ZINC_250K_3808,CCCc1c(CCl)cnn1C,0.6161742319309796,0.34056202,0.15151515151515152,1,0
ZINC_250K_3757,C=C(Cl)Cc1ccc(C#N)cc1,0.6154497582152615,0.3405697,0.21428571428571427,1,0
ZINC_250K_5031,C[C@H]([NH2+][C@@H]1CCOC2(CCCC2)C1)[C@@H]1CCCO1,0.6149811241239916,0.34055814,0.125,1,0
ZINC_250K_3189,CC[C@@H](C[NH2+][C@@H](C)CC)Oc1ccccc1,0.6147053027132396,0.34056988,0.21818181818181817,1,0
ZINC_250K_2449,CCO[C@H](C)C(=O)OCC(=O)NC(C)C,0.614286468921925,0.34057075,0.22641509433962265,1,0
ZINC_250K_5838,CC1=[N+]2C(N)=N[C@H](c3ccccc3)N=C2SC1,0.6142801263665788,0.34056342,0.16883116883116883,1,0
ZINC_250K_8707,C[NH+](CC(C)(CO)CO)[C@H]1CCC[C@H](C2CC2)C1,0.6138957096799353,0.34055874,0.13333333333333333,1,0
ZINC_250K_10361,c1ccc2c(c1)C[C@H](C[NH2+]C(C1CC1)C1CC1)S2,0.6137132091299794,0.34056222,0.16129032258064516,1,0
ZINC_250K_9791,CC[NH2+][C@H]1CC[C@@H]([NH+]2CCCC2(C)C)C1,0.6134627452207728,0.34055772,0.1267605633802817,1,0
ZINC_250K_2705,CCN[C@@H]1[C@H]([NH+]2CCC[C@H]3CCC[C@@H]32)CCC1(C)C,0.6133868440721196,0.34055948,0.14084507042253522,1,0
ZINC_250K_9297,CC[C@@H]1CC[C@@H]([NH2+][C@@H]2CCCCC2(C)C)C1,0.6132404804326625,0.34056067,0.1506849315068493,1,0
ZINC_250K_4973,CN(C)c1cc[n+](C[C@H](O)CCl)cc1,0.6126051171111176,0.34056175,0.16129032258064516,1,0
ZINC_250K_2000,O=C1c2ccccc2C(=O)N1N=Cc1ccc(/C=N/N2C(=O)c3ccccc3C2=O)cc1,0.6112127949263012,0.34056863,0.22,1,0
ZINC_250K_4161,C[C@@H](C#N)CN(C)C(=O)C1[C@H]2CCC[C@@H]12,0.6111100960150386,0.3405618,0.16666666666666666,1,0
ZINC_250K_5,CC[NH+](CC)[C@](C)(CC)[C@H](O)c1cscc1Br,0.6105352810356799,0.34056044,0.15789473684210525,1,0
ZINC_250K_3174,CC(C)(O)CC[NH2+][C@H]1CCCS(=O)(=O)C1,0.6104398701290858,0.3405593,0.14925373134328357,1,0
ZINC_250K_3401,C[C@H](Cc1ccccc1)[NH+]1Cc2ccccc2C1,0.6100331747516895,0.3405695,0.23076923076923078,1,0
ZINC_250K_9753,CC[C@@H](C#N)[C@H](O)c1ccc(CC(C)C)cc1,0.6099862837937593,0.34056523,0.19736842105263158,1,0
ZINC_250K_8300,C[NH2+][C@]1(C(=O)[O-])CCC[C@@H]([NH+]2CC[C@@H](C)C2)C1,0.6086829688406358,0.34055603,0.12941176470588237,1,0
ZINC_250K_2511,CC(=O)C[C@H]1CCCCCN1C(=O)N1CCCCCC1,0.608385999298738,0.34056523,0.20270270270270271,1,0
ZINC_250K_4930,COC(=O)C(C)(C)C(C)(C)[NH2+]C1CCCC1,0.6081907831005076,0.34056193,0.1774193548387097,1,0
ZINC_250K_9574,C1C[C@H](C2CC2)C[C@H]([NH+]2CC[C@]3(CCOC3)C2)C1,0.6081254791794856,0.34055564,0.1282051282051282,1,0
ZINC_250K_1422,C[C@@]1(c2ccc(C[NH3+])cc2)NC(=O)NC1=O,0.6074779479610609,0.34056368,0.1935483870967742,1,0
ZINC_250K_6307,Cc1ccccc1/C=N\n1cnnc1,0.6073423504890241,0.34057248,0.2631578947368421,1,0
ZINC_250K_3565,[NH3+][C@H](C(=O)[O-])[C@H](O)c1ccc(F)cc1,0.6070967104991941,0.34056646,0.21666666666666667,1,0
ZINC_250K_1821,CC[C@H](CC[NH3+])N1CCCN(CC(F)(F)F)CC1,0.6070131238660726,0.34055722,0.14432989690721648,1,0
ZINC_250K_1637,Cc1cscc1C[NH2+][C@H]1CCC[C@@H](C)C1,0.6067805397273697,0.34055793,0.1506849315068493,1,0
ZINC_250K_7512,C[NH2+][C@@H]1CC[C@@H](C)C[C@H]1CN(C)C[C@@H]1CCC[NH+]1C,0.6067704338146849,0.3405539,0.11904761904761904,1,0
ZINC_250K_188,CC#CCC(=O)C1([NH+](CC)CC)CCCC1,0.6066134025291001,0.3405576,0.14864864864864866,1,0
ZINC_250K_6000,CC[C@H](C)C[NH+](C)C[C@H](N)c1ccc(C(C)(C)C)cc1,0.6061848943825813,0.34056178,0.18292682926829268,1,0
ZINC_250K_3661,O=C(Oc1ccccc1)c1ccccc1I,0.6059762425903092,0.34056586,0.21568627450980393,1,0
ZINC_250K_2140,CCN(CC(C)(C)O)C(=O)[C@H]1C[C@@H]2C=C[C@H]1C2,0.6046812268088307,0.3405585,0.16216216216216217,1,0
ZINC_250K_940,O=C([O-])CC1=C(C(=O)[O-])CCCC1,0.6042978026271943,0.34055927,0.1694915254237288,1,0
ZINC_250K_9073,C=CC[n+]1cccc2ccccc21,0.6041569055593574,0.34062004,0.14754098360655737,1,1
ZINC_250K_9878,CC1([C@]2(C)C(=N)NC(=O)N2C2CC2)CC1,0.6038127055826977,0.34056413,0.20930232558139536,1,0
ZINC_250K_4073,CC(C)(C#N)[C@](C)(O)c1cccs1,0.6032639418390489,0.3405604,0.18181818181818182,1,0
ZINC_250K_1072,CN(c1ncncc1N)[C@H]1CCSC1,0.6029640408982897,0.34055683,0.15476190476190477,1,0
ZINC_250K_8879,COc1cc(Br)cc(/C=C2/NC(=O)NC2=O)c1OC,0.6026447806451164,0.34056163,0.1935483870967742,1,0
ZINC_250K_2960,COc1cc(Br)c(C[NH2+]C[C@H](C)O)cc1OC,0.6025844857726447,0.3405607,0.1864406779661017,1,0
ZINC_250K_5470,Cc1ccc([C@@H](O)[C@@H]2CSCCS2)cc1,0.6019560499149487,0.34056118,0.19230769230769232,1,0
ZINC_250K_3725,COC[C@@](C)(O)CNC(=O)C(=O)NCC(C)C,0.6019172893638429,0.3405641,0.2153846153846154,1,0
ZINC_250K_8885,COC(=O)[C@H]1CSC(=O)N1,0.601519286320104,0.34055966,0.18181818181818182,1,0
ZINC_250K_4890,Cc1ccccc1-n1nc(C(C)(C)C)c(Br)c1N,0.6001452602543129,0.34055927,0.18333333333333332,1,0
ZINC_250K_23,O=c1n(CCO)c2ccccc2n1CCO,0.60005835165415,0.34057832,0.3333333333333333,1,0
ZINC_250K_9659,N#CNC(=O)/C=C/c1ccc(C#N)cc1,0.5993847483479455,0.34056464,0.22807017543859648,1,0
ZINC_250K_8739,CC[NH2+]C1CCC([NH+](C)[C@@H]2CCC[C@H](OC)C2)CC1,0.5991438599829106,0.34055218,0.13095238095238096,1,0
ZINC_250K_2524,C=CCN(CC=C)C[C@@H]1CCC(C)(C)[C@H]1[NH2+]C,0.5983465162452564,0.3405538,0.14634146341463414,1,0
ZINC_250K_8581,Clc1ccc(/C=N\N2CCCC2)cc1,0.5980899627874124,0.34056002,0.19607843137254902,1,0
ZINC_250K_2329,CC[C@H](O)[C@@]1(C#N)CCC[C@H](C)C1,0.5976275768013407,0.34055445,0.15384615384615385,1,0
ZINC_250K_8577,CC(C)([NH3+])C#CCc1nc(C(C)(C)C)cs1,0.5973976720676488,0.3405585,0.1864406779661017,1,0
ZINC_250K_8464,Cc1cccc([C@H]2C[C@H]2C[NH3+])c1,0.5965215990735269,0.34056297,0.22448979591836735,1,0
ZINC_250K_2355,C[C@@]1(C(=O)[O-])CCCCCC[C@@H]1O,0.5963551908381466,0.34055728,0.18032786885245902,1,0
ZINC_250K_5871,C[NH2+][C@@H](c1csc(I)c1)[C@@H](C)c1ccncc1,0.596140280703223,0.34055516,0.1643835616438356,1,0
ZINC_250K_10239,CC(C)C1(C[NH2+][C@H](C)c2nccs2)CC1,0.5956764678823944,0.34055802,0.18840579710144928,1,0
ZINC_250K_7675,Cc1ccccc1N1C(=O)CNC1=S,0.594774831736649,0.34056374,0.23636363636363636,1,0
ZINC_250K_3633,CCNC(=O)C1CC[NH+](C2CCC(C(C)C)CC2)CC1,0.594658147718122,0.34056076,0.21333333333333335,1,0
ZINC_250K_1946,Cc1cccc(F)c1[C@H](N)C(F)(F)F,0.5940691357256768,0.3405565,0.18181818181818182,1,0
ZINC_250K_4648,Cc1cc(C)c(N2C(N)=NC(N)=NC2(C)C)c(C)c1,0.5939276771701609,0.34055644,0.18181818181818182,1,0
ZINC_250K_7458,Fc1ccc([C@@H](Br)Cc2ccncc2)c(F)c1F,0.592984219792874,0.3405529,0.15714285714285714,1,0
ZINC_250K_3854,CCOC(=O)C1(C#N)CC(OC)(OC)C1,0.5927780157933074,0.34056264,0.234375,1,0
ZINC_250K_4962,Cc1cc(C(=O)[O-])c([N+](=O)[O-])cc1[N+](=O)[O-],0.5927777341751538,0.34056407,0.24561403508771928,1,0
ZINC_250K_5461,CC(C)CC[C@H]([NH3+])c1cc(F)cc(Br)c1,0.5927140152561876,0.3405522,0.15254237288135594,1,0
ZINC_250K_5834,N#C[C@H](Nc1cccc2ccccc12)c1ccccc1,0.5925338340131261,0.34055856,0.203125,1,0
ZINC_250K_6513,C[C@H](CCCO)[NH2+][C@@H](C)c1cnccn1,0.5915355867175599,0.34055495,0.1780821917808219,1,0
ZINC_250K_10249,C[C@@H](C#N)S(=O)(=O)N(C)C[C@@H]1CCC[NH+]1C,0.5914147996050446,0.34055233,0.15789473684210525,1,0
ZINC_250K_6288,C=C(c1ccccc1)[C@@H](C(=O)[O-])S(C)(=O)=O,0.5913343696418031,0.34056324,0.24390243902439024,1,0
ZINC_250K_153,C[C@H]1CCC[C@](C#N)([C@]2(O)CCCCC2(C)C)C1,0.5912969673797349,0.34055063,0.14492753623188406,1,0
ZINC_250K_5171,C[C@H]1CN([C@@H](C[NH3+])c2cncn2C)C[C@@H]1C,0.5911235629567362,0.34055725,0.19753086419753085,1,0
ZINC_250K_3426,Cc1cscc1C[NH2+]CC[C@@H]1CSCCN1,0.5910970231708474,0.3405551,0.18072289156626506,1,0
ZINC_250K_7428,O=[N+]([O-])c1ccccc1Cc1ccccc1,0.5908860051887102,0.3405655,0.2631578947368421,1,0
ZINC_250K_6779,C[NH2+][C@@H](C(OC)OC)[C@H]1CCO[C@]2(CCOC2)C1,0.5906981048610231,0.34054846,0.12987012987012986,1,0
ZINC_250K_7195,NC(=O)c1nn(-c2ccccc2)nc1N,0.5906713341944442,0.34055933,0.2153846153846154,1,0
ZINC_250K_8120,C[C@@H](CCl)C[NH+](C)[C@@H](C)Cc1cccs1,0.590333948881999,0.34055433,0.17721518987341772,1,0
ZINC_250K_9946,CCOC(=O)N(N=O)[C@H](C)CC,0.5901328150218222,0.34056413,0.2549019607843137,1,0
ZINC_250K_3537,CC[C@H](C)[C@@H](CO)c1ccccc1C,0.5890501556723821,0.3405606,0.23076923076923078,1,0
ZINC_250K_1794,CC(C)[C@H]1C[NH2+]CC[C@]12CCO[C@H](C)C2,0.5889055970434964,0.34054708,0.125,1,0
ZINC_250K_2406,N#Cc1nn(C(N)=O)c(N)c1C#N,0.5889044686323234,0.34055573,0.19298245614035087,1,0
ZINC_250K_571,CC(C)C[C@](C)(O)CNC(=O)CC[C@H](C)O,0.5887832206576763,0.34055233,0.16666666666666666,1,0
ZINC_250K_4256,C[S@@](=O)c1c(Cl)cc(Cl)c(N)c1[N+](=O)[O-],0.5876140768466744,0.3405547,0.1891891891891892,1,0
ZINC_250K_3749,CCOc1c(Br)cc(Br)cc1/C=C/C[NH2+]C,0.5873727990027661,0.3405531,0.1774193548387097,1,0
ZINC_250K_4596,C[C@@H]1CC[C@@H](O)[C@H]([NH+](C)CCOCC2CC2)C1,0.5872457595846308,0.3405466,0.1267605633802817,1,0
ZINC_250K_9062,CCS(=O)(=O)C[C@@H](C)[NH2+][C@@H]1C[C@H](C)CC[C@@H]1C(C)C,0.5867312716871614,0.34054843,0.14285714285714285,1,0
ZINC_250K_2504,CCCC1(Cc2c(C)cc(C)cc2C)C[NH2+]C1,0.5866617917493832,0.3405509,0.1625,1,0
ZINC_250K_1731,CC(C)c1ccc([C@@H]2C[NH2+][C@@H](C)[C@@H](C)O2)cc1,0.5858337930920954,0.34055388,0.18867924528301888,1,0
ZINC_250K_3385,CCC[NH2+][C@@H]1CC[C@@H](C)C[C@@H]1C[NH+]1CCC(CC)(CC)C1,0.5847556049395422,0.34054404,0.11494252873563218,1,0
ZINC_250K_4538,OCc1cccc(-c2ncccn2)c1,0.5847520536942294,0.34056026,0.24242424242424243,1,0
ZINC_250K_5172,CCCSc1nc(C)[nH]c1[N+](=O)[O-],0.5847044989714113,0.3405506,0.16666666666666666,1,0
ZINC_250K_7562,O=C1C=CC(=O)N1CNc1ccccc1,0.5845950100494001,0.34055734,0.22,1,0
ZINC_250K_73,C[C@H]([NH3+])c1nc2cc(C(F)(F)F)ccc2n1C,0.5845407971807463,0.34055558,0.20634920634920634,1,0
ZINC_250K_8211,CCC(=O)C[C@@H]1CC[C@@H](C)[C@H](C)C1,0.5845339612134245,0.34055018,0.16393442622950818,1,0
ZINC_250K_1427,OCc1cn2c(n1)OC(Cl)=CC2,0.5843508525824909,0.34055045,0.16666666666666666,1,0
ZINC_250K_1787,CCc1ccc([C@H](N)CC[NH+](CC)CC)cc1,0.5839870074568341,0.34055412,0.19672131147540983,1,0
ZINC_250K_843,COC[C@H](O)C[NH+]1CCC(C)(C)C1,0.5837426611676545,0.34055212,0.18181818181818182,1,0
ZINC_250K_8461,COc1cc([C@H]([NH3+])C(=O)[O-])cc(I)c1OC,0.5837124913797874,0.3405523,0.18333333333333332,1,0
ZINC_250K_2107,CC(C)([C@H](O)c1ccc(Cl)s1)[NH+]1CCCC1,0.5834695440660502,0.34054896,0.15789473684210525,1,0
ZINC_250K_2542,C[C@@H]([NH3+])C(=O)N1CC[C@@H](O)C1,0.5834277765661354,0.3405543,0.2,1,0
ZINC_250K_2914,CN(C)C(=O)O[C@@H]1CCCC[C@H]1C[NH3+],0.5832378787059048,0.3405509,0.17391304347826086,1,0
ZINC_250K_1000,[NH3+][C@@H](CSCc1nccs1)C(=O)[O-],0.5828418919804023,0.3405548,0.20588235294117646,1,0
ZINC_250K_5108,Fc1cnc2[nH]cc(I)c2c1I,0.5822564881309412,0.3405513,0.18032786885245902,1,0
ZINC_250K_610,C1=C[C@H]2C[C@@H]1C[C@H]2CN1CC[NH+](C2CCCCCC2)CC1,0.5820867157785713,0.34054646,0.14285714285714285,1,0
ZINC_250K_2337,CC(C)C[NH2+]C[C@H]1CCCO[C@H]1[C@H]1CC=CCC1,0.5817150218705944,0.3405444,0.12790697674418605,1,0
ZINC_250K_4090,COC(=O)[C@H]1C[C@H]1C(=O)N[C@@H]1C[C@@](C)(OC)C1(C)C,0.581208827210377,0.34054735,0.1527777777777778,1,0
ZINC_250K_8361,CSc1ccc(N[C@@H]2CCC[C@H]2SC)nn1,0.580895907247303,0.34054926,0.16883116883116883,1,0
ZINC_250K_811,CC1(C)CCC(O)(C[NH2+][C@@H]2CCOC3(CCC3)C2)CC1,0.5808156038475594,0.34054866,0.1643835616438356,1,0
ZINC_250K_6590,CN(CCC(N)=[NH2+])Cc1ccccc1,0.5803574480875867,0.34055936,0.25,1,0
ZINC_250K_3073,C[C@@H](C(=O)N(C)C)[NH+](CC(=O)[O-])C(C)(C)C,0.5802655163989977,0.34055343,0.2037037037037037,1,0
ZINC_250K_5133,Cc1nc(CCl)[nH]c(=O)c1F,0.5801686349204145,0.34055096,0.18461538461538463,1,0
ZINC_250K_203,COCCn1nnnc1[C@@H](C(C)C)N1CCSCC1,0.5800631394821649,0.340547,0.15384615384615385,1,0
ZINC_250K_2455,CCOC[C@H](O)CSC1COC1,0.5794834441916578,0.34054706,0.15625,1,0
ZINC_250K_1014,C/C(=C\c1ccc2c(c1)CCO2)C[NH3+],0.5794266923346395,0.34055015,0.18072289156626506,1,0
ZINC_250K_5255,Cc1ccccc1SCc1nnnn1-c1ccccc1,0.5789662371978754,0.34055045,0.18461538461538463,1,0
ZINC_250K_2210,Cc1ccc([C@@H](C)NC2=[NH+]CCC2)cc1,0.5784975061128051,0.34055123,0.19230769230769232,1,0
ZINC_250K_417,Cc1ccccc1Oc1cc(Br)ccc1C[NH3+],0.5784893032824759,0.34054908,0.17543859649122806,1,0
ZINC_250K_5111,CC(=O)NN=Cc1ccc2c(c1)OCCO2,0.5784607456718333,0.3405631,0.2857142857142857,1,0
ZINC_250K_9907,COC(=O)C1(OC)CCOCC1,0.578039758390436,0.34055728,0.2413793103448276,1,0
ZINC_250K_7462,[NH3+][C@H]1CCCN(C2CC2)[C@H]1c1c[nH+]cn1C1CC1,0.5775824300117661,0.3405457,0.1518987341772152,1,0
ZINC_250K_451,COc1cc(F)c([C@H]([NH3+])c2ccc(SC)cc2)cc1OC,0.5775618459102052,0.3405544,0.22033898305084745,1,0
ZINC_250K_4659,Cc1ccc([C@@H](C[NH3+])S[C@H](C)CCO)cc1,0.576214611312045,0.3405498,0.18867924528301888,1,0
ZINC_250K_821,O=Cc1ccn(-c2ccc(Br)cc2)c1,0.576190020098931,0.3405788,0.4166666666666667,1,0
ZINC_250K_1638,COc1ccc(/C=C/C2=[NH+]CCN2)cc1,0.5760774887128122,0.34055158,0.203125,1,0
ZINC_250K_967,CC[C@](C)(C[NH3+])[C@H](O)c1ccc2c(c1)OCO2,0.5755616435126152,0.34055775,0.25333333333333335,1,0
ZINC_250K_1400,C=CCSc1nc(N)c(C#N)cc1C#N,0.5747294236741977,0.34054902,0.1875,1,0
ZINC_250K_2312,C#CCNCC(=O)NC[C@@H](C)CO,0.5740391638114537,0.3405485,0.18571428571428572,1,0
ZINC_250K_2296,C[C@@H]1CC[C@@](O)([C@]2(C#N)CCOC2)C[C@@H]1C,0.5735464887825451,0.3405441,0.1527777777777778,1,0
ZINC_250K_1047,Cc1ccoc1C[NH+]1CC[C@@H](C)[C@H](C)C1,0.5734497531632092,0.34054825,0.18571428571428572,1,0
ZINC_250K_7231,CC(=O)NCCNC(=O)N(C)[C@@H](C)C1CC1,0.5730109935802635,0.34055528,0.24242424242424243,1,0
ZINC_250K_2317,O[C@@H](C1CCCCCC1)[C@H]1CCO[C@]2(CCOC2)C1,0.5717223943669071,0.34054306,0.1506849315068493,1,0
ZINC_250K_10176,CCCc1[nH+]n(C)c2c1NC[C@](C)(CC)N2,0.5715533475577254,0.34053972,0.125,1,0
ZINC_250K_3760,CC(C)C[C@H](NC(N)=O)C(=O)N[C@@H](C(=O)[O-])C(C)C,0.5714122766037101,0.34054404,0.15942028985507245,1,0
ZINC_250K_3271,CC(C)[C@@H](NC(=O)[C@H]1CCCO1)C(=O)[O-],0.5709794236741977,0.34054902,0.2,1,0
ZINC_250K_5643,CC[C@H](C)S[C@@H]1C[C@H](C(C)(C)C)CC[C@@H]1C#N,0.5707332676518336,0.34053978,0.1282051282051282,1,0
ZINC_250K_5095,C=C1CCCC(C)(C)[C@]12CC=C(C)CC2,0.5703264745580223,0.34054026,0.13333333333333333,1,0
ZINC_250K_3021,CC[C@]1(C)NN(c2ccccc2)C([S-])=[NH+]1,0.5702740605755401,0.3405537,0.2391304347826087,1,0
ZINC_250K_5201,C[C@@H](NS(N)(=O)=O)c1ccc(-c2ccc(F)cc2)cc1,0.5701597106386601,0.3405515,0.2222222222222222,1,0
ZINC_250K_5254,CCC[NH2+]C[C@@H](C)Oc1ccc(C(C)C)cc1,0.5700973246166123,0.3405476,0.1917808219178082,1,0
ZINC_250K_7842,CC[C@H](CS)C[NH+](C)C[C@@H]1CCCCO1,0.5700688511286444,0.34054038,0.13513513513513514,1,0
ZINC_250K_9382,Cc1noc(C)c1[C@H](C)NS(=O)(=O)[C@H](C)C#N,0.5700222623868572,0.34054562,0.17647058823529413,1,0
ZINC_250K_1351,CC[C@@H]1C[C@@H](C)CC[C@@H]1[NH2+]CCNS(C)(=O)=O,0.5700212674738165,0.34054345,0.15942028985507245,1,0
ZINC_250K_2624,CCOc1ccccc1OC/C=C/C[NH+](C)C,0.5699944090190187,0.34055042,0.21428571428571427,1,0
ZINC_250K_3739,CCc1ccc(CC(=O)C(C)(C)OC)s1,0.5698526838251655,0.34054935,0.20634920634920634,1,0
ZINC_250K_705,FC(F)(F)c1cccc2c1CCCC2,0.5694927605636291,0.34054998,0.2125,1,0
ZINC_250K_8803,[NH3+]CC(=O)N1C[C@H](O)C[C@H]1C(=O)[O-],0.5686681572027145,0.34055048,0.2191780821917808,1,0
ZINC_250K_9578,O=CC[NH+]1CCC(N2CCOCC2)CC1,0.5685422928508124,0.340551,0.2236842105263158,1,0
ZINC_250K_10495,CCC[NH2+][C@@H]1CCC[C@H]1CC[NH+](C)C1CCOCC1,0.5682342497378268,0.3405376,0.11940298507462686,1,0
ZINC_250K_3937,Cc1ccc2c(=O)cc([O-])oc2c1,0.5679417976631405,0.34056187,0.3111111111111111,1,0
ZINC_250K_6869,O=C1[C@@H]2C=C[C@@H](C=CC2)C1(c1ccccc1)c1ccccc1,0.5676836526395423,0.34054843,0.20634920634920634,1,0
ZINC_250K_5373,SCC1(COC/C=C/c2ccccc2)CCC1,0.5676174669417791,0.3405446,0.17647058823529413,1,0
ZINC_250K_9939,CC[C@H](C)N1C(=O)[C@@H](C)NC(=O)C1(C)C,0.5673360013988036,0.34055313,0.24444444444444444,1,0
ZINC_250K_1078,O=C([O-])C1([C@@H]2CCCC[C@H]2O)CCOCC1,0.5671260765451019,0.340547,0.19696969696969696,1,0
ZINC_250K_65,CCO[C@H]1C(=O)O[C@H]([C@@H](O)CO)C1=O,0.5671177789328161,0.3405435,0.1694915254237288,1,0
ZINC_250K_4688,CCCCS[C@H]1CCC[C@@](CO)([NH2+]C(C)C)C1,0.5668295719109656,0.34054217,0.16,1,0
ZINC_250K_3130,C[NH2+][C@@H](Cc1csc(C)n1)C(OC)OC,0.566788281730367,0.34055007,0.2222222222222222,1,0
ZINC_250K_4933,C[C@H]1CC=C(C2=NN=C(C(=O)[O-])C2)O1,0.5665156863224218,0.3405444,0.17857142857142858,1,0
ZINC_250K_1148,C[C@H]1CC[C@H]([C@H](O)C2([NH+]3CCCC3)CCCC2)C[C@@H]1C,0.565847852482243,0.3405373,0.125,1,0
ZINC_250K_3123,CC[NH2+][C@]1(CO)CC[C@H]([NH+](CC)CC(C)C)C1,0.5655836929918849,0.340539,0.13924050632911392,1,0
ZINC_250K_4188,Cc1ccc([C@H](O)[C@@H]2CSCCO2)cc1,0.5655217692274291,0.34054482,0.18518518518518517,1,0
ZINC_250K_7329,Cc1noc(C)c1C[NH2+][C@H](C)[C@H](C)C(=O)[O-],0.5652621868745293,0.34054086,0.15492957746478872,1,0
ZINC_250K_10084,Nc1ccccc1C[NH+]1CC2(CCC2)C1,0.5644522797536582,0.340547,0.20588235294117646,1,0
ZINC_250K_80,CCOc1ncnc(S(=O)(=O)CC)c1N,0.5632670719109656,0.34054217,0.171875,1,0
ZINC_250K_8340,C=CC[NH+](C/C=C/c1ccco1)CCO,0.5632607406503694,0.34054178,0.16883116883116883,1,0
ZINC_250K_5852,CC1(C)C[C@@H]([NH2+]C[C@@H]2CCCC[C@@H]2C(=O)[O-])C(C)(C)O1,0.5631845347566731,0.34053746,0.13513513513513514,1,0
ZINC_250K_3530,CC[C@H](C)[NH+](C)CC(=O)N1CCNCC1,0.5630356590951461,0.3405435,0.18309859154929578,1,0
ZINC_250K_9809,CCC1(C)CC[NH+](CC[C@@H]2CCC[C@H]2O)CC1,0.5628923087804782,0.3405405,0.16,1,0
ZINC_250K_4603,COc1cc(OC)c(OC)cc1/C=C(/C#N)C(N)=O,0.5627046511780971,0.34054813,0.22058823529411764,1,0
ZINC_250K_6187,Cc1ccc(/C=N/c2ccccc2C#N)s1,0.5626816671383443,0.34054664,0.208955223880597,1,0
ZINC_250K_6274,CC(C)Cc1ncc(C[NH+]2CCCCC2)s1,0.5626816671383443,0.34054664,0.208955223880597,1,0
ZINC_250K_5688,CCN1CC(=O)N(C[C@@H]([NH3+])C(=O)[O-])CC1=O,0.5623068943362911,0.3405411,0.16666666666666666,1,0
ZINC_250K_6805,CC[C@H]1CCC[C@H]([C@H](O)[C@@](C)(CC)[NH+]2CCCCC2)C1,0.5620583429278304,0.34054127,0.16883116883116883,1,0
ZINC_250K_2794,CCCOC[C@H]([NH2+]C)C(C)(C)N1CCOCC1,0.5620571449698335,0.34054485,0.19696969696969696,1,0
ZINC_250K_673,Cc1cc(C)cc(-c2nnc(Sc3nc(C(C)C)ns3)o2)c1,0.5618323069796343,0.34054163,0.1724137931034483,1,0
ZINC_250K_8907,CC[NH2+][C@H]1CC[C@H](OCC2CCCCC2)C1,0.5618213799450154,0.3405415,0.17142857142857143,1,0
ZINC_250K_2790,CC(=O)c1ccc2nc(N)sc2c1,0.5617424280744996,0.34055004,0.23880597014925373,1,0
ZINC_250K_6286,CC(C)([NH2+]C[C@@H]1CCCO1)C(=O)[O-],0.5616847169898622,0.34054312,0.18461538461538463,1,0
ZINC_250K_4881,CC[C@H](C)[NH+]1[C@@H](C(=O)[O-])CC[C@H]2CCCC[C@H]21,0.5616054783292148,0.34054205,0.17647058823529413,1,0
ZINC_250K_593,CC(C)c1ccc(CNC(N)=[NH2+])cc1,0.5615708329604213,0.34055197,0.2545454545454545,1,0
ZINC_250K_9121,C[NH2+][C@@]1(CO)CC[C@H](OCC2CCCCC2)C1,0.5610141871142629,0.3405414,0.17333333333333334,1,0
ZINC_250K_5188,Cc1ccc2c(c1)c(C)cc1n[nH]c(=S)n12,0.5608263751620478,0.3405424,0.18181818181818182,1,0
ZINC_250K_4341,C/C(=N/O)c1ccc2c3ccccc3n(C)c2c1,0.5604947256716477,0.34054863,0.2318840579710145,1,0
ZINC_250K_281,Cc1ccc(NC(=S)NC(C)C)cc1C,0.5603347017483497,0.3405491,0.2361111111111111,1,0
ZINC_250K_7922,Fc1ccc(C[C@H](CBr)c2ccccc2F)cc1,0.5603228791531742,0.3405445,0.2,1,0
ZINC_250K_8245,CCc1nnc(CNc2c(C)cc(C)cc2C)o1,0.5601550467380306,0.34054345,0.19230769230769232,1,0
ZINC_250K_6668,CCC[NH2+][C@H]1CC[NH+](C(CC)CC)[C@H](C)[C@@H]1C,0.5600471528518386,0.3405359,0.13333333333333333,1,0
ZINC_250K_3355,C[C@H]1[C@H](C(=O)[O-])CC[NH+]1CC(=O)NC(C)(C)C,0.5597665171065928,0.34054127,0.17647058823529413,1,0
ZINC_250K_3894,CCC(CC)([C@H](Cc1nc(C)cs1)NC)[NH+]1CCCC1,0.5585936789371477,0.34054583,0.21621621621621623,1,0
ZINC_250K_2396,Cc1ccc(/N=C2/COCCN2)cc1,0.558157443372399,0.34053934,0.16666666666666666,1,0
ZINC_250K_7159,O[C@H](COCCC12CC3CC(CC(C3)C1)C2)C[NH+]1CCSCC1,0.5580925908654059,0.34054056,0.17647058823529413,1,0
ZINC_250K_8191,C#CCn1c(C)cc(CC)c1C#N,0.5576904052322025,0.3405397,0.17105263157894737,1,0
ZINC_250K_1724,CC[C@@H](C)CN(CC)c1ncc(Br)cc1C[NH3+],0.5573807150230383,0.34053937,0.1694915254237288,1,0
ZINC_250K_7981,Cc1csc([C@](C)([NH3+])C2(C)CC2)n1,0.5571692329454411,0.34054512,0.2153846153846154,1,0
ZINC_250K_9852,CS[C@H](C)C[NH2+][C@H]1c2ccccc2C[C@H]1C,0.5566449567077992,0.34054294,0.2,1,0
ZINC_250K_6117,CS[C@H]1CC[C@@H]([NH2+][C@H](C)c2cnc(C)s2)C1,0.556542658595615,0.3405412,0.18666666666666668,1,0
ZINC_250K_6473,Cc1c(-c2ccccc2)nn(C)c1N,0.556101501954357,0.34055054,0.26153846153846155,1,0
ZINC_250K_9223,CC[C@H](CCO)C[NH2+][C@@H](C)c1sccc1C,0.5552813860468795,0.34053913,0.1746031746031746,1,0
ZINC_250K_2694,CCC(=O)c1ccc2c(c1)c1cc(C(=O)CC)ccc1n2C,0.5552000029017445,0.3405482,0.24615384615384617,1,0
ZINC_250K_7129,Cc1ccc(C(=O)c2ccc(C)cc2F)c(C)c1,0.5549764923386432,0.34054506,0.2222222222222222,1,0
ZINC_250K_9041,CC(C)[C@@H](CS)COc1ccc(C#N)cc1,0.5545906448142839,0.3405425,0.2033898305084746,1,0
ZINC_250K_2966,CC(C)[C@@H](C)NC(=O)N1CCSC(C)(C)C1,0.5545813217039978,0.34053725,0.16216216216216217,1,0
ZINC_250K_3844,O=C([O-])c1ccc(-c2ccsc2)cc1O,0.5545646363585671,0.3405401,0.18461538461538463,1,0
ZINC_250K_2383,COc1cc(Br)ccc1[C@H]([NH3+])C(=O)[O-],0.5542497130358975,0.34054515,0.22535211267605634,1,0
ZINC_250K_1550,COc1ccc(N)cc1-c1ccccc1,0.5541785982711266,0.34054723,0.24193548387096775,1,0
ZINC_250K_7617,CCC[C@@H](Cl)CCCc1ccc(O)cc1,0.5537009578451024,0.34054473,0.22388059701492538,1,0
ZINC_250K_4595,CC(C)CCC(=O)N1C[C@H](C)O[C@@H](C)C1,0.5536469655729728,0.34055218,0.2826086956521739,1,0
ZINC_250K_1294,CCOC(=O)/C(C#N)=C(\Cl)C(F)(F)F,0.5535773487551984,0.34053898,0.1791044776119403,1,0
ZINC_250K_7828,C[NH2+][C@@H](c1cc(C)cc(F)c1)C1CC1,0.5533546475450438,0.34054518,0.22857142857142856,1,0
ZINC_250K_5672,COS(=O)(=O)c1ccc(Cl)c2ccccc12,0.5530661368619864,0.3405486,0.2564102564102564,1,0
ZINC_250K_4433,CC[C@H](C)[C@H]1OCCC[C@H]1C(=O)[O-],0.5529850158210574,0.34053943,0.18461538461538463,1,0
ZINC_250K_4278,N#CC1(C#N)[C@H](C(N)=O)[C@@H]1c1ccc(F)cc1,0.5526538289048079,0.34054318,0.21518987341772153,1,0
ZINC_250K_6892,COCc1ccc([C@H](O)c2sccc2C)cc1,0.5518711239279986,0.34053782,0.17567567567567569,1,0
ZINC_250K_1445,CC[C@H](S[C@H](C)c1cccs1)C(N)=O,0.5518635416446805,0.3405435,0.22033898305084745,1,0
ZINC_250K_10279,CC[C@@H](CCO)NC(=O)NCCC(F)(F)F,0.5518588855408634,0.3405364,0.16455696202531644,1,0
ZINC_250K_9899,CCC[NH+](C1CCC([NH3+])CC1)[C@H]1CCN(C)C1=O,0.551813137668591,0.3405393,0.1875,1,0
ZINC_250K_9767,CN1CC(=O)N(C)c2[nH]cnc2C1=O,0.5514273070023639,0.34054002,0.19444444444444445,1,0
ZINC_250K_972,C[C@H]([NH3+])[C@@H](CC(=O)[O-])c1ccccc1,0.5512004027941013,0.34054944,0.2692307692307692,1,0
ZINC_250K_10432,O=C1C=CC(=O)N1c1ccc(-c2csnn2)cc1,0.551020680314611,0.3405401,0.19642857142857142,1,0
ZINC_250K_6943,C[C@@H]([NH3+])Cc1nc(-c2cncc(Br)c2)no1,0.5502718609081843,0.34055173,0.2903225806451613,1,0
ZINC_250K_4446,Cc1ccc(CCN(C)CC[NH+]2CCCC2)cc1,0.55012204603063,0.3405373,0.1774193548387097,1,0
ZINC_250K_4348,CC[C@@H](C)[C@@H](Cl)c1cc(C)c(F)cc1F,0.5499492517431824,0.3405401,0.2,1,0
ZINC_250K_3105,C[C@@H](Cc1cccs1)[NH+](C)Cc1ccc(Br)s1,0.5497727167049562,0.34053814,0.18518518518518517,1,0
ZINC_250K_2979,CSCCc1ccc(N)cc1,0.5495466028755892,0.34060436,0.20634920634920634,1,1
ZINC_250K_9506,CC[C@@](C)([C@@H](N)c1ccccc1)[NH+]1CCCCC1,0.5494777232245346,0.3405399,0.2,1,0
ZINC_250K_1857,CC(C)[C@](C)(O)CNC(=O)N[C@@H](C)CS(C)(=O)=O,0.5483447683270082,0.3405361,0.17391304347826086,1,0
ZINC_250K_232,Cc1ccc([C@]2([NH3+])CC[C@@H]2C)cc1,0.5481508400406417,0.34053892,0.19672131147540983,1,0
ZINC_250K_8881,CCn1ccc2cc(C=O)ccc21,0.5480000033679912,0.34055018,0.2857142857142857,1,0
ZINC_250K_3165,Cc1nc(N2C[C@@H](C)[C@H](C)C2)sc1C[NH3+],0.5478973390923608,0.34053847,0.19402985074626866,1,0
ZINC_250K_697,O=C([O-])c1ccc(-c2ccncc2)cn1,0.5473086920387805,0.34053898,0.2,1,0
ZINC_250K_6041,CCN(Cc1cccs1)C[C@@H](CS)c1ccccc1,0.546889873409267,0.3405392,0.203125,1,0
ZINC_250K_9568,C[C@H](c1ccccn1)[C@H](Br)c1ccccc1F,0.5464127878534542,0.3405386,0.2,1,0
ZINC_250K_552,O=C(CBr)c1cnc2ccc(Cl)cn12,0.545957834587293,0.34054062,0.21739130434782608,1,0
ZINC_250K_10430,O[C@H](Cc1ccc(Br)cc1)[C@@H]1CSCCO1,0.545700299841527,0.34053648,0.18571428571428572,1,0
ZINC_250K_6416,Cc1nnc(Nc2ccccc2)o1,0.5454770591552411,0.3405481,0.2777777777777778,1,0
ZINC_250K_3928,[NH3+][C@H]1CCC[C@@H]([NH+]2CC[C@@H](c3ccccc3)C2)C1,0.5454475026671062,0.3405366,0.1875,1,0
ZINC_250K_9035,Clc1ncc(Cl)c(Oc2ccccc2)n1,0.544494706288637,0.3405401,0.21818181818181817,1,0
ZINC_250K_7921,CCc1ccsc1-c1nnc([S-])[nH]1,0.5438325511937893,0.34053913,0.2127659574468085,1,0
ZINC_250K_5471,Cc1ccc([C@@H](C)[NH+](C)C2CCC([NH3+])CC2)cc1,0.5429564560748906,0.34053913,0.21568627450980393,1,0
ZINC_250K_6717,C/C=C/C=C/C(=O)Nc1cc(C)c(NC(C)=O)c(C)c1,0.5423104897412699,0.34053686,0.2,1,0
ZINC_250K_75,O=C(N[C@H]1CCS(=O)(=O)C1)C1CC[NH2+]CC1,0.5419456285660241,0.34054145,0.23728813559322035,1,0
ZINC_250K_8155,C[C@@H]1OCC[C@H]1C[NH2+]Cc1ccccc1,0.5415079924083761,0.34053758,0.20833333333333334,1,0
ZINC_250K_3829,O=[N+]([O-])c1c(-c2ccccc2)nc2ccccn12,0.5411465779714723,0.3405478,0.2898550724637681,1,0
ZINC_250K_1608,Cc1cc2c(c(=O)o1)C(c1ccc(Cl)c(Cl)c1)c1c(cc(C)oc1=O)O2,0.5404057278365081,0.34053686,0.20634920634920634,1,0
ZINC_250K_9129,Cc1cnc(NCc2sccc2C)nc1,0.5404057278365081,0.34053686,0.20634920634920634,1,0
ZINC_250K_8672,C[NH2+][C@H]1CCCCC[C@H]1CN(C)CCS(C)(=O)=O,0.5401326057736682,0.34053737,0.2112676056338028,1,0
ZINC_250K_1485,C[C@H]([C@@H](C)O)S(=O)(=O)c1ccc(F)cc1,0.5391975026671062,0.3405366,0.20833333333333334,1,0
ZINC_250K_1884,Cc1ccccc1C[S@](=O)CCCc1ccccc1,0.5384041313756537,0.3405451,0.2777777777777778,1,0
ZINC_250K_9968,[NH3+]C1C[C@H]2CC[C@@H](C1)N2c1ccc2nccnc2n1,0.5378037962178535,0.34053594,0.2077922077922078,1,0
ZINC_250K_1207,C[C@H](C#N)Sc1nc(-c2ccccc2)cs1,0.5373538462527707,0.3405363,0.21212121212121213,1,0
ZINC_250K_7476,O=C1N=C2C=CC=CN2C(=O)[C@@H]1c1ccccc1,0.5370967741935484,0.34053588,0.20967741935483872,1,0
ZINC_250K_3422,C[C@@H]1Cc2c(ccc(F)c2F)[C@@H]1Br,0.5361316684446502,0.34053636,0.21666666666666667,1,0
ZINC_250K_4060,Cc1ccc(C)c([C@@H](O)[C@@H](C)[C@@H](C)C(=O)[O-])c1,0.5360515498552358,0.34054184,0.26,1,0
ZINC_250K_4419,CN(C)/C=C(/C(=O)c1ccccc1)S(=O)(=O)c1ccccc1,0.535899508736359,0.3405416,0.25862068965517243,1,0
ZINC_250K_3773,C[NH2+]C1CCN(C(=O)C2(C)CCCC2)CC1,0.5346173840776919,0.34054208,0.26666666666666666,1,0
ZINC_250K_7457,CCc1ccc(CNC(=O)CS[C@H](C)C(C)C)s1,0.5327452723499656,0.34053686,0.2318840579710145,1,0
ZINC_250K_7786,C[C@@H]1CN(c2ccc(Br)cc2N)C[C@@H]1C,0.5319603398204409,0.34053656,0.23214285714285715,1,0
ZINC_250K_2927,C[C@H]([NH3+])c1ccn(CCCc2ccccc2)c1,0.5316668343679857,0.34054098,0.26785714285714285,1,0
ZINC_250K_6550,Cc1ccc(-c2n[nH]cc2C=O)s1,0.5303868133681313,0.34053665,0.23809523809523808,1,0
ZINC_250K_4760,CC(=O)Oc1ccc(C(=O)c2cccc(C)c2)cc1,0.5303282722605117,0.34053814,0.25,1,0
ZINC_250K_6448,N#CC[C@@H](O)c1cn2ccccc2n1,0.5301022810109371,0.3405367,0.23943661971830985,1,0
ZINC_250K_6841,CSc1ccc(C(=O)c2cc(C)ccc2C)cc1,0.529492992062509,0.34053946,0.2631578947368421,1,0
ZINC_250K_7682,Cc1ccccc1N1C(=O)CNC1=O,0.5284426669697301,0.34053674,0.24528301886792453,1,0
ZINC_250K_6723,O=Cc1cc(-c2ccc(F)cc2)ccn1,0.5264764650061897,0.34053713,0.2549019607843137,1,0
ZINC_250K_3306,CC(C)Sc1nnc(NC(=O)C(F)(F)F)s1,0.5240217116429284,0.34053597,0.25396825396825395,1,0
ZINC_250K_5890,CC[C@@H](C)[C@H](C[NH3+])c1ccc(OC)c(OC)c1,0.5240042061046986,0.34054163,0.29850746268656714,1,0
ZINC_250K_4469,CC[C@@H](Cl)[C@@H](C)c1ccc2c(c1)OCCCO2,0.5078656764335937,0.34053984,0.3382352941176471,1,0
ZINC_250K_6491,C[C@H](Cc1ccc([N+](=O)[O-])cc1)C(=O)[O-],0.5078217793664397,0.34054074,0.34545454545454546,1,0
ZINC_250K_9496,Cc1cc(C)c(S(=O)(=O)N=C2C=CC(=O)C=C2)c(C)c1,0.5078173955291236,0.3405907,0.23809523809523808,1,1
ZINC_250K_4258,CC1(C)CCC[C@]2(C)[C@@H]1CC[C@]1(C)[C@@H](O)[C@@]3(C)CC[C@@]21C3,0.5005806284296154,0.3405743,0.13333333333333333,0,0
ZINC_250K_7909,O=C(Nc1ccccc1)c1ccc(C(=O)c2ccccc2)cc1,0.5005658342223251,0.34053612,0.3333333333333333,1,0
ZINC_250K_4789,CC[C@H](C)[NH2+]Cc1ccc(N(C)C)cc1,0.4932712447000045,0.34057856,0.19117647058823528,1,1
ZINC_250K_5113,CSc1ccc(/C=C2/C[N+](C)(C)C/C(=C/c3ccc(SC)cc3)C2=O)cc1,0.4851988104785776,0.34057528,0.19230769230769232,0,1
ZINC_250K_4528,CCCCCN1C(=O)CSC1=S,0.44313997759724877,0.3405551,0.17391304347826086,1,1
ZINC_250K_5216,COC(=O)c1sc(C)cc1O,0.43245687452898374,0.34055746,0.22807017543859648,1,1
ZINC_250K_3391,NC1=C(N)C(=O)c2ncccc2C1=O,0.4082289725646452,0.3405424,0.19047619047619047,1,1
ZINC_250K_3966,[O-][n+]1c2c([n+]([O-])c3cc(N4CCCC4)c(F)cc31)CCC2,0.3862731270002969,0.34053642,0.21666666666666667,1,1
ZINC_250K_6693,C(=C(c1nc2ccccc2s1)c1nc2ccccc2s1)c1cccnc1,0.3497816944905774,0.34053725,0.3448275862068966,0,0
