source,row_index,raw_smiles,stage,id_col
MGDB,91,,empty_smiles,nan
MGDB,243,,empty_smiles,nan
MGDB,338,,empty_smiles,nan
MGDB,408,,empty_smiles,nan
MGDB,409,,empty_smiles,nan
MGDB,410,,empty_smiles,nan
MGDB,536,,empty_smiles,nan
MGDB,537,,empty_smiles,nan
MGDB,538,,empty_smiles,nan
MGDB,544,,empty_smiles,nan
MGDB,545,,empty_smiles,nan
MGDB,592,,empty_smiles,nan
MGDB,595,,empty_smiles,nan
MGDB,596,,empty_smiles,nan
MGDB,597,,empty_smiles,nan
MGDB,598,,empty_smiles,nan
MGDB,599,,empty_smiles,nan
MGDB,600,,empty_smiles,nan
MGDB,601,,empty_smiles,nan
MGDB,603,,empty_smiles,nan
MGDB,623,,empty_smiles,nan
MGDB,624,,empty_smiles,nan
MGDB,625,,empty_smiles,nan
MGDB,626,,empty_smiles,nan
MGDB,627,,empty_smiles,nan
MGDB,628,,empty_smiles,nan
MGDB,629,,empty_smiles,nan
MGDB,630,,empty_smiles,nan
MGDB,631,,empty_smiles,nan
MGDB,632,,empty_smiles,nan
MGDB,633,,empty_smiles,nan
MGDB,634,,empty_smiles,nan
MGDB,635,,empty_smiles,nan
MGDB,636,,empty_smiles,nan
MGDB,637,,empty_smiles,nan
MGDB,638,,empty_smiles,nan
MGDB,639,,empty_smiles,nan
MGDB,640,,empty_smiles,nan
MGDB,641,,empty_smiles,nan
MGDB,642,,empty_smiles,nan
MGDB,643,,empty_smiles,nan
MGDB,644,,empty_smiles,nan
MGDB,653,,empty_smiles,nan
MGDB,663,,empty_smiles,nan
MGDB,707,,empty_smiles,nan
MGDB,708,,empty_smiles,nan
MGDB,709,,empty_smiles,nan
MGDB,710,,empty_smiles,nan
MGDB,716,,empty_smiles,nan
MGDB,717,,empty_smiles,nan
MGDB,718,,empty_smiles,nan
MGDB,719,,empty_smiles,nan
MGDB,720,,empty_smiles,nan
MGDB,721,,empty_smiles,nan
MGDB,885,,empty_smiles,nan
MGDB,911,,empty_smiles,nan
MGDB,1003,,empty_smiles,nan
MGDB,1004,,empty_smiles,nan
MGDB,1009,,empty_smiles,nan
MGDB,1010,,empty_smiles,nan
MGDB,1011,,empty_smiles,nan
MGDB,1012,,empty_smiles,nan
MGDB,1022,,empty_smiles,nan
MGDB,1023,,empty_smiles,nan
MGDB,1030,,empty_smiles,nan
MGDB,1031,,empty_smiles,nan
MGDB,1032,,empty_smiles,nan
MGDB,1033,,empty_smiles,nan
MGDB,1034,,empty_smiles,nan
MGDB,1035,,empty_smiles,nan
MGDB,1040,,empty_smiles,nan
MGDB,1042,,empty_smiles,nan
MGDB,1043,,empty_smiles,nan
MGDB,1044,,empty_smiles,nan
MGDB,1049,,empty_smiles,nan
MGDB,1050,,empty_smiles,nan
MGDB,1051,,empty_smiles,nan
MGDB,1052,,empty_smiles,nan
MGDB,1053,,empty_smiles,nan
MGDB,1054,,empty_smiles,nan
MGDB,1055,,empty_smiles,nan
MGDB,1056,,empty_smiles,nan
MGDB,1067,,empty_smiles,nan
MGDB,1068,,empty_smiles,nan
MGDB,1716,,empty_smiles,nan
MGDB,1729,,empty_smiles,nan
MGDB,2696,,empty_smiles,nan
MGDB,3729,,empty_smiles,nan
MGDB,3730,,empty_smiles,nan
MGDB,3747,,empty_smiles,nan
MGDB,3748,,empty_smiles,nan
MGDB,3749,,empty_smiles,nan
MGDB,3750,,empty_smiles,nan
MGDB,3752,,empty_smiles,nan
MGDB,3770,,empty_smiles,nan
MGDB,3771,,empty_smiles,nan
MGDB,3774,,empty_smiles,nan
MGDB,3775,,empty_smiles,nan
MGDB,3776,,empty_smiles,nan
MGDB,3777,,empty_smiles,nan
MGDB,3780,,empty_smiles,nan
MGDB,3781,,empty_smiles,nan
MGDB,3788,,empty_smiles,nan
MGDB,3789,,empty_smiles,nan
MGDB,3791,,empty_smiles,nan
MGDB,3792,,empty_smiles,nan
MGDB,3797,,empty_smiles,nan
MGDB,3798,,empty_smiles,nan
MGDB,3799,,empty_smiles,nan
MGDB,3800,,empty_smiles,nan
MGDB,3801,,empty_smiles,nan
MGDB,3802,,empty_smiles,nan
MGDB,3803,,empty_smiles,nan
MGDB,3804,,empty_smiles,nan
MGDB,3805,,empty_smiles,nan
MGDB,3806,,empty_smiles,nan
MGDB,3807,,empty_smiles,nan
MGDB,3808,,empty_smiles,nan
MGDB,3809,,empty_smiles,nan
MGDB,3810,,empty_smiles,nan
MGDB,3813,,empty_smiles,nan
MGDB,3814,,empty_smiles,nan
MGDB,3821,,empty_smiles,nan
MGDB,3822,,empty_smiles,nan
MGDB,3825,,empty_smiles,nan
MGDB,3826,,empty_smiles,nan
MGDB,3837,,empty_smiles,nan
MGDB,3838,,empty_smiles,nan
MGDB,3844,,empty_smiles,nan
MGDB,3845,,empty_smiles,nan
MGDB,3846,,empty_smiles,nan
MGDB,3849,,empty_smiles,nan
MGDB,3850,,empty_smiles,nan
MGDB,3851,,empty_smiles,nan
MGDB,3852,,empty_smiles,nan
MGDB,3853,,empty_smiles,nan
MGDB,3854,,empty_smiles,nan
MGDB,3855,,empty_smiles,nan
MGDB,3856,,empty_smiles,nan
MGDB,3857,,empty_smiles,nan
MGDB,3858,,empty_smiles,nan
MGDB,3860,,empty_smiles,nan
MGDB,3861,,empty_smiles,nan
MGDB,3864,,empty_smiles,nan
MGDB,3865,,empty_smiles,nan
MGDB,3866,,empty_smiles,nan
MGDB,3868,,empty_smiles,nan
MGDB,3869,,empty_smiles,nan
MGDB,3870,,empty_smiles,nan
MGDB,3871,,empty_smiles,nan
MGDB,5346,,empty_smiles,nan
MGDB,5362,,empty_smiles,nan
MGDB,5635,,empty_smiles,nan
MGDB,6030,,empty_smiles,nan
MGDB,6082,,empty_smiles,nan
MGDB,6135,,empty_smiles,nan
MGDB,6254,,empty_smiles,nan
MGDB,6790,,empty_smiles,nan
MGDB,6791,,empty_smiles,nan
MGDB,6792,,empty_smiles,nan
MGDB,6793,,empty_smiles,nan
MGDB,6794,,empty_smiles,nan
MGDB,6795,,empty_smiles,nan
MGDB,6796,,empty_smiles,nan
MGDB,6797,,empty_smiles,nan
MGDB,6798,,empty_smiles,nan
MGDB,6799,,empty_smiles,nan
MGDB,6800,,empty_smiles,nan
MGDB,6801,,empty_smiles,nan
MGDB,6802,,empty_smiles,nan
MGDB,6803,,empty_smiles,nan
MGDB,6804,,empty_smiles,nan
MGDB,6805,,empty_smiles,nan
MGDB,6806,,empty_smiles,nan
MGDB,7297,,empty_smiles,nan
MGDB,7298,,empty_smiles,nan
MGDB,7299,,empty_smiles,nan
MGDB,7300,,empty_smiles,nan
MGDB,7310,,empty_smiles,nan
MGDB,7311,,empty_smiles,nan
MGDB,7312,,empty_smiles,nan
MGDB,7313,,empty_smiles,nan
MGDB,7314,,empty_smiles,nan
MGDB,7315,,empty_smiles,nan
MGDB,7618,,empty_smiles,nan
MGDB,7882,,empty_smiles,nan
MGDB,7885,,empty_smiles,nan
MGDB,7909,,empty_smiles,nan
MGDB,7927,,empty_smiles,nan
MGDB,7967,,empty_smiles,nan
MGDB,7986,,empty_smiles,nan
MGDB,8196,,empty_smiles,nan
MGDB,8197,,empty_smiles,nan
MGDB,8198,,empty_smiles,nan
MGDB,8209,,empty_smiles,nan
MGDB,8244,,empty_smiles,nan
MGDB,8247,,empty_smiles,nan
MGDB,8271,,empty_smiles,nan
MGDB,8289,,empty_smiles,nan
MGDB,8329,,empty_smiles,nan
MGDB,8348,,empty_smiles,nan
MGDB,8558,,empty_smiles,nan
MGDB,8559,,empty_smiles,nan
MGDB,8560,,empty_smiles,nan
MGDB,8571,,empty_smiles,nan
MGDB,8606,,empty_smiles,nan
MGDB,8609,,empty_smiles,nan
MGDB,8633,,empty_smiles,nan
MGDB,8651,,empty_smiles,nan
MGDB,8691,,empty_smiles,nan
MGDB,8710,,empty_smiles,nan
MGDB,8920,,empty_smiles,nan
MGDB,8921,,empty_smiles,nan
MGDB,8922,,empty_smiles,nan
MGDB,8933,,empty_smiles,nan
MGDB,8989,,empty_smiles,nan
MGDB,9169,,empty_smiles,nan
MGDB,9223,,empty_smiles,nan
MGDB,9397,,empty_smiles,nan
MGDB,9451,,empty_smiles,nan
MGDB,9625,,empty_smiles,nan
MGDB,9679,,empty_smiles,nan
MGDB,9853,,empty_smiles,nan
MGDB,9907,,empty_smiles,nan
MGDB,10081,,empty_smiles,nan
MGDB,10135,,empty_smiles,nan
MGDB,10202,,empty_smiles,nan
MGDB,10212,,empty_smiles,nan
MGTbind,72,,empty_smiles,nan
