original_name,rank,uniprot_accession,uniprot_protein_name,gene_names,organism,sequence_length,fuzzy_score,ambiguity_flag,api_error
1,1,Q9BYP8,parse_error,N/A,N/A,0,0.0,NO_CONFIDENT_MATCH,
1,2,Q9BYR8,parse_error,N/A,N/A,0,0.0,NO_CONFIDENT_MATCH,
1,3,P59990,parse_error,N/A,N/A,0,0.0,NO_CONFIDENT_MATCH,
14-3-3 protein,1,P27348,parse_error,N/A,N/A,0,24.0,NO_CONFIDENT_MATCH,
14-3-3 protein,2,Q04917,parse_error,N/A,N/A,0,24.0,NO_CONFIDENT_MATCH,
14-3-3 protein,3,P62258,parse_error,N/A,N/A,0,24.0,NO_CONFIDENT_MATCH,
14-3-3γ,1,F6TYX1,parse_error,N/A,N/A,0,0.0,NO_CONFIDENT_MATCH,
14-3-3γ,2,A0A8J0UA37,parse_error,N/A,N/A,0,0.0,NO_CONFIDENT_MATCH,
14-3-3γ,3,NO_RESULT,NO_RESULT,,,0,0.0,NO_CONFIDENT_MATCH,
14-3-3σ,1,NO_RESULT,NO_RESULT,,,0,0.0,API_ERROR,
14-3-3σ,2,NO_RESULT,NO_RESULT,,,0,0.0,API_ERROR,
14-3-3σ,3,NO_RESULT,NO_RESULT,,,0,0.0,API_ERROR,
AKT1,1,Q38998,parse_error,N/A,N/A,0,13.33333333333333,NO_CONFIDENT_MATCH,
AKT1,2,P31750,parse_error,N/A,N/A,0,13.33333333333333,NO_CONFIDENT_MATCH,
AKT1,3,P31749,parse_error,N/A,N/A,0,13.33333333333333,NO_CONFIDENT_MATCH,
AR,1,P10275,parse_error,N/A,N/A,0,30.76923076923077,NO_CONFIDENT_MATCH,
AR,2,P15207,parse_error,N/A,N/A,0,30.76923076923077,NO_CONFIDENT_MATCH,
AR,3,P19091,parse_error,N/A,N/A,0,30.76923076923077,NO_CONFIDENT_MATCH,
AR - androgen receptor (human),1,NO_RESULT,NO_RESULT,,,0,0.0,API_ERROR,
AR - androgen receptor (human),2,NO_RESULT,NO_RESULT,,,0,0.0,API_ERROR,
AR - androgen receptor (human),3,NO_RESULT,NO_RESULT,,,0,0.0,API_ERROR,
ARAF,1,P10398,parse_error,N/A,N/A,0,26.66666666666667,NO_CONFIDENT_MATCH,
ARAF,2,P14056,parse_error,N/A,N/A,0,26.66666666666667,NO_CONFIDENT_MATCH,
ARAF,3,P04627,parse_error,N/A,N/A,0,26.66666666666667,NO_CONFIDENT_MATCH,
ASS1,1,P00966,parse_error,N/A,N/A,0,26.66666666666667,NO_CONFIDENT_MATCH,
ASS1,2,P09034,parse_error,N/A,N/A,0,26.66666666666667,NO_CONFIDENT_MATCH,
ASS1,3,P16460,parse_error,N/A,N/A,0,26.66666666666667,NO_CONFIDENT_MATCH,
"ASS1, IKZF1, SALL4",1,NO_RESULT,NO_RESULT,,,0,0.0,API_ERROR,
"ASS1, IKZF1, SALL4",2,NO_RESULT,NO_RESULT,,,0,0.0,API_ERROR,
"ASS1, IKZF1, SALL4",3,NO_RESULT,NO_RESULT,,,0,0.0,API_ERROR,
Aiolos,1,Q9UKT9,parse_error,N/A,N/A,0,23.529411764705888,NO_CONFIDENT_MATCH,
Aiolos,2,O08900,parse_error,N/A,N/A,0,23.529411764705888,NO_CONFIDENT_MATCH,
Aiolos,3,A2VDW9,parse_error,N/A,N/A,0,23.529411764705888,NO_CONFIDENT_MATCH,
AlphaLISA ternary – DCAF15/RBM39,1,NO_RESULT,NO_RESULT,,,0,0.0,API_ERROR,
AlphaLISA ternary – DCAF15/RBM39,2,NO_RESULT,NO_RESULT,,,0,0.0,API_ERROR,
AlphaLISA ternary – DCAF15/RBM39,3,NO_RESULT,NO_RESULT,,,0,0.0,API_ERROR,
AsCas12a-crDNMT1-3,1,NO_RESULT,NO_RESULT,,,0,0.0,API_ERROR,
AsCas12a-crDNMT1-3,2,NO_RESULT,NO_RESULT,,,0,0.0,API_ERROR,
AsCas12a-crDNMT1-3,3,NO_RESULT,NO_RESULT,,,0,0.0,API_ERROR,
BCL6,1,P41182,parse_error,N/A,N/A,0,0.0,NO_CONFIDENT_MATCH,
BCL6,2,P41183,parse_error,N/A,N/A,0,0.0,NO_CONFIDENT_MATCH,
BCL6,3,Q8N143,parse_error,N/A,N/A,0,0.0,NO_CONFIDENT_MATCH,
BCR-ABL/c-ABL,1,NO_RESULT,NO_RESULT,,,0,0.0,API_ERROR,
BCR-ABL/c-ABL,2,NO_RESULT,NO_RESULT,,,0,0.0,API_ERROR,
BCR-ABL/c-ABL,3,NO_RESULT,NO_RESULT,,,0,0.0,API_ERROR,
BDNF/NT-3 growth factors receptor,1,Q63604,parse_error,N/A,N/A,0,31.818181818181824,NO_CONFIDENT_MATCH,
BDNF/NT-3 growth factors receptor,2,Q16620,parse_error,N/A,N/A,0,31.818181818181824,NO_CONFIDENT_MATCH,
BDNF/NT-3 growth factors receptor,3,Q91987,parse_error,N/A,N/A,0,31.818181818181824,NO_CONFIDENT_MATCH,
BDR3,1,A0ABF7R071,parse_error,N/A,N/A,0,13.33333333333333,NO_CONFIDENT_MATCH,
BDR3,2,Q8RWY0,parse_error,N/A,N/A,0,13.33333333333333,NO_CONFIDENT_MATCH,
BDR3,3,B5RSA4,parse_error,N/A,N/A,0,13.33333333333333,NO_CONFIDENT_MATCH,
BDR4,1,Q9LH41,parse_error,N/A,N/A,0,13.33333333333333,NO_CONFIDENT_MATCH,
BDR4,2,A0ABF7R0B4,parse_error,N/A,N/A,0,13.33333333333333,NO_CONFIDENT_MATCH,
BDR4,3,B5RS79,parse_error,N/A,N/A,0,13.33333333333333,NO_CONFIDENT_MATCH,
BRAF,1,P15056,parse_error,N/A,N/A,0,13.33333333333333,NO_CONFIDENT_MATCH,
BRAF,2,P28028,parse_error,N/A,N/A,0,13.33333333333333,NO_CONFIDENT_MATCH,
BRAF,3,P21629,parse_error,N/A,N/A,0,13.33333333333333,NO_CONFIDENT_MATCH,
BRD2,1,P25440,parse_error,N/A,N/A,0,13.33333333333333,NO_CONFIDENT_MATCH,
BRD2,2,Q6MGA9,parse_error,N/A,N/A,0,13.33333333333333,NO_CONFIDENT_MATCH,
BRD2,3,Q7JJ13,parse_error,N/A,N/A,0,13.33333333333333,NO_CONFIDENT_MATCH,
"BRD2,BRD4",1,NO_RESULT,NO_RESULT,,,0,0.0,API_ERROR,
"BRD2,BRD4",2,NO_RESULT,NO_RESULT,,,0,0.0,API_ERROR,
"BRD2,BRD4",3,NO_RESULT,NO_RESULT,,,0,0.0,API_ERROR,
BRD2/3/4,1,NO_RESULT,NO_RESULT,,,0,0.0,API_ERROR,
BRD2/3/4,2,NO_RESULT,NO_RESULT,,,0,0.0,API_ERROR,
BRD2/3/4,3,NO_RESULT,NO_RESULT,,,0,0.0,API_ERROR,
BRD3-BD1，BRD4-BD1,1,NO_RESULT,NO_RESULT,,,0,0.0,API_ERROR,
BRD3-BD1，BRD4-BD1,2,NO_RESULT,NO_RESULT,,,0,0.0,API_ERROR,
BRD3-BD1，BRD4-BD1,3,NO_RESULT,NO_RESULT,,,0,0.0,API_ERROR,
BRD4,1,O60885,parse_error,N/A,N/A,0,13.33333333333333,NO_CONFIDENT_MATCH,
BRD4,2,F1R5H6,parse_error,N/A,N/A,0,13.33333333333333,NO_CONFIDENT_MATCH,
BRD4,3,Q9ESU6,parse_error,N/A,N/A,0,13.33333333333333,NO_CONFIDENT_MATCH,
BRD9,1,Q9H8M2,parse_error,N/A,N/A,0,13.33333333333333,NO_CONFIDENT_MATCH,
BRD9,2,Q3UQU0,parse_error,N/A,N/A,0,13.33333333333333,NO_CONFIDENT_MATCH,
BRD9,3,Q7ZUF2,parse_error,N/A,N/A,0,13.33333333333333,NO_CONFIDENT_MATCH,
BTK,1,Q8JH64,parse_error,N/A,N/A,0,0.0,NO_CONFIDENT_MATCH,
BTK,2,Q06187,parse_error,N/A,N/A,0,0.0,NO_CONFIDENT_MATCH,
BTK,3,P08630,parse_error,N/A,N/A,0,0.0,NO_CONFIDENT_MATCH,
"BTK, GSPT1 and β-actin",1,NO_RESULT,NO_RESULT,,,0,0.0,API_ERROR,
"BTK, GSPT1 and β-actin",2,NO_RESULT,NO_RESULT,,,0,0.0,API_ERROR,
"BTK, GSPT1 and β-actin",3,NO_RESULT,NO_RESULT,,,0,0.0,API_ERROR,
BTN2A1,1,Q7KYR7,parse_error,N/A,N/A,0,11.764705882352944,NO_CONFIDENT_MATCH,
BTN2A1,2,A0A2J8S516,parse_error,N/A,N/A,0,11.764705882352944,NO_CONFIDENT_MATCH,
BTN2A1,3,A0A2J8S536,parse_error,N/A,N/A,0,11.764705882352944,NO_CONFIDENT_MATCH,
Bcl-XL,1,Q96HS1,parse_error,N/A,N/A,0,0.0,NO_CONFIDENT_MATCH,
Bcl-XL,2,Q92934,parse_error,N/A,N/A,0,0.0,NO_CONFIDENT_MATCH,
Bcl-XL,3,Q61337,parse_error,N/A,N/A,0,0.0,NO_CONFIDENT_MATCH,
Bcl6,1,P41182,parse_error,N/A,N/A,0,0.0,NO_CONFIDENT_MATCH,
Bcl6,2,P41183,parse_error,N/A,N/A,0,0.0,NO_CONFIDENT_MATCH,
Bcl6,3,Q8N143,parse_error,N/A,N/A,0,0.0,NO_CONFIDENT_MATCH,
BodipyFL-RBM39RRM2 to DDB1△B–DCAF15biotin,1,NO_RESULT,NO_RESULT,,,0,0.0,API_ERROR,
BodipyFL-RBM39RRM2 to DDB1△B–DCAF15biotin,2,NO_RESULT,NO_RESULT,,,0,0.0,API_ERROR,
BodipyFL-RBM39RRM2 to DDB1△B–DCAF15biotin,3,NO_RESULT,NO_RESULT,,,0,0.0,API_ERROR,
Brassica rapa subsp. Oleifera,1,NO_RESULT,NO_RESULT,,,0,0.0,API_ERROR,
Brassica rapa subsp. Oleifera,2,NO_RESULT,NO_RESULT,,,0,0.0,API_ERROR,
Brassica rapa subsp. Oleifera,3,NO_RESULT,NO_RESULT,,,0,0.0,API_ERROR,
CA2 - carbonic anhydrase 2 (human),1,NO_RESULT,NO_RESULT,,,0,0.0,API_ERROR,
CA2 - carbonic anhydrase 2 (human),2,NO_RESULT,NO_RESULT,,,0,0.0,API_ERROR,
CA2 - carbonic anhydrase 2 (human),3,NO_RESULT,NO_RESULT,,,0,0.0,API_ERROR,
CA2 - carbonic anhydrase 3 (human),1,NO_RESULT,NO_RESULT,,,0,0.0,API_ERROR,
CA2 - carbonic anhydrase 3 (human),2,NO_RESULT,NO_RESULT,,,0,0.0,API_ERROR,
CA2 - carbonic anhydrase 3 (human),3,NO_RESULT,NO_RESULT,,,0,0.0,API_ERROR,
CA2 - carbonic anhydrase 4 (human),1,NO_RESULT,NO_RESULT,,,0,0.0,API_ERROR,
CA2 - carbonic anhydrase 4 (human),2,NO_RESULT,NO_RESULT,,,0,0.0,API_ERROR,
CA2 - carbonic anhydrase 4 (human),3,NO_RESULT,NO_RESULT,,,0,0.0,API_ERROR,
CBP,1,P34545,parse_error,N/A,N/A,0,14.28571428571429,NO_CONFIDENT_MATCH,
CBP,2,Q9NWQ8,parse_error,N/A,N/A,0,14.28571428571429,NO_CONFIDENT_MATCH,
CBP,3,Q3U1F9,parse_error,N/A,N/A,0,14.28571428571429,NO_CONFIDENT_MATCH,
CCD-IBD interaction,1,NO_RESULT,NO_RESULT,,,0,0.0,API_ERROR,
CCD-IBD interaction,2,NO_RESULT,NO_RESULT,,,0,0.0,API_ERROR,
CCD-IBD interaction,3,NO_RESULT,NO_RESULT,,,0,0.0,API_ERROR,
CCDK,1,Q2GPS8,parse_error,N/A,N/A,0,0.0,NO_CONFIDENT_MATCH,
CCDK,2,NO_RESULT,NO_RESULT,,,0,0.0,NO_CONFIDENT_MATCH,
CCDK,3,NO_RESULT,NO_RESULT,,,0,0.0,NO_CONFIDENT_MATCH,
CCNK,1,O75909,parse_error,N/A,N/A,0,0.0,NO_CONFIDENT_MATCH,
CCNK,2,O88874,parse_error,N/A,N/A,0,0.0,NO_CONFIDENT_MATCH,
CCNK,3,F1QMB9,parse_error,N/A,N/A,0,0.0,NO_CONFIDENT_MATCH,
CDK12,1,Q9NYV4,parse_error,N/A,N/A,0,0.0,NO_CONFIDENT_MATCH,
CDK12,2,E1BB50,parse_error,N/A,N/A,0,0.0,NO_CONFIDENT_MATCH,
CDK12,3,Q9VP22,parse_error,N/A,N/A,0,0.0,NO_CONFIDENT_MATCH,
CDK12-cyclin K,1,NO_RESULT,NO_RESULT,,,0,0.0,API_ERROR,
CDK12-cyclin K,2,NO_RESULT,NO_RESULT,,,0,0.0,API_ERROR,
CDK12-cyclin K,3,NO_RESULT,NO_RESULT,,,0,0.0,API_ERROR,
CDK12/13,1,A0A6J8DFC2,N/A,,Mytilus coruscus,1349,18.181818181818176,NO_CONFIDENT_MATCH,
CDK12/13,2,A0A8S3UXQ4,N/A,,Mytilus edulis,1345,18.181818181818176,NO_CONFIDENT_MATCH,
CDK12/13,3,A0A812CD40,N/A,,Acanthosepion pharaonis,1066,18.181818181818176,NO_CONFIDENT_MATCH,
CDK12/K,1,NO_RESULT,NO_RESULT,,,0,0.0,API_ERROR,
CDK12/K,2,NO_RESULT,NO_RESULT,,,0,0.0,API_ERROR,
CDK12/K,3,NO_RESULT,NO_RESULT,,,0,0.0,API_ERROR,
CDK13/K,1,NO_RESULT,NO_RESULT,,,0,0.0,API_ERROR,
CDK13/K,2,NO_RESULT,NO_RESULT,,,0,0.0,API_ERROR,
CDK13/K,3,NO_RESULT,NO_RESULT,,,0,0.0,API_ERROR,
CDK2,1,P24941,parse_error,N/A,N/A,0,0.0,NO_CONFIDENT_MATCH,
CDK2,2,Q63699,parse_error,N/A,N/A,0,0.0,NO_CONFIDENT_MATCH,
CDK2,3,Q5E9Y0,parse_error,N/A,N/A,0,0.0,NO_CONFIDENT_MATCH,
CDK2/E,1,NO_RESULT,NO_RESULT,,,0,0.0,API_ERROR,
CDK2/E,2,NO_RESULT,NO_RESULT,,,0,0.0,API_ERROR,
CDK2/E,3,NO_RESULT,NO_RESULT,,,0,0.0,API_ERROR,
CDK4,1,P11802,parse_error,N/A,N/A,0,0.0,NO_CONFIDENT_MATCH,
CDK4,2,P35426,parse_error,N/A,N/A,0,0.0,NO_CONFIDENT_MATCH,
CDK4,3,Q32KY4,parse_error,N/A,N/A,0,0.0,NO_CONFIDENT_MATCH,
CDK4/D1,1,NO_RESULT,NO_RESULT,,,0,0.0,API_ERROR,
CDK4/D1,2,NO_RESULT,NO_RESULT,,,0,0.0,API_ERROR,
CDK4/D1,3,NO_RESULT,NO_RESULT,,,0,0.0,API_ERROR,
CDK4，CDK6，IKZF2,1,NO_RESULT,NO_RESULT,,,0,0.0,API_ERROR,
CDK4，CDK6，IKZF2,2,NO_RESULT,NO_RESULT,,,0,0.0,API_ERROR,
CDK4，CDK6，IKZF2,3,NO_RESULT,NO_RESULT,,,0,0.0,API_ERROR,
CDK5/p25,1,NO_RESULT,NO_RESULT,,,0,0.0,API_ERROR,
CDK5/p25,2,NO_RESULT,NO_RESULT,,,0,0.0,API_ERROR,
CDK5/p25,3,NO_RESULT,NO_RESULT,,,0,0.0,API_ERROR,
CDK6,1,Q00534,parse_error,N/A,N/A,0,0.0,NO_CONFIDENT_MATCH,
CDK6,2,Q64261,parse_error,N/A,N/A,0,0.0,NO_CONFIDENT_MATCH,
CDK6,3,Q0VBK8,parse_error,N/A,N/A,0,0.0,NO_CONFIDENT_MATCH,
CDK9,1,P50750,parse_error,N/A,N/A,0,0.0,NO_CONFIDENT_MATCH,
CDK9,2,Q99J95,parse_error,N/A,N/A,0,0.0,NO_CONFIDENT_MATCH,
CDK9,3,Q5EAB2,parse_error,N/A,N/A,0,0.0,NO_CONFIDENT_MATCH,
CDK9/T1,1,NO_RESULT,NO_RESULT,,,0,0.0,API_ERROR,
CDK9/T1,2,NO_RESULT,NO_RESULT,,,0,0.0,API_ERROR,
CDK9/T1,3,NO_RESULT,NO_RESULT,,,0,0.0,API_ERROR,
CK1,1,O15726,parse_error,N/A,N/A,0,0.0,NO_CONFIDENT_MATCH,
CK1,2,P48729,parse_error,N/A,N/A,0,0.0,NO_CONFIDENT_MATCH,
CK1,3,Q6X4A2,parse_error,N/A,N/A,0,0.0,NO_CONFIDENT_MATCH,
CK1α,1,Q8JHE0,parse_error,N/A,N/A,0,0.0,NO_CONFIDENT_MATCH,
CK1α,2,E1JJI5,parse_error,N/A,N/A,0,0.0,NO_CONFIDENT_MATCH,
CK1α,3,Q8JG73,parse_error,N/A,N/A,0,0.0,NO_CONFIDENT_MATCH,
CPP-AIP,1,NO_RESULT,NO_RESULT,,,0,0.0,API_ERROR,
CPP-AIP,2,NO_RESULT,NO_RESULT,,,0,0.0,API_ERROR,
CPP-AIP,3,NO_RESULT,NO_RESULT,,,0,0.0,API_ERROR,
CRAF,1,Q99N57,parse_error,N/A,N/A,0,13.33333333333333,NO_CONFIDENT_MATCH,
CRAF,2,P04049,parse_error,N/A,N/A,0,13.33333333333333,NO_CONFIDENT_MATCH,
CRAF,3,P11345,parse_error,N/A,N/A,0,13.33333333333333,NO_CONFIDENT_MATCH,
CRBN,1,Q96SW2,parse_error,N/A,N/A,0,13.33333333333333,NO_CONFIDENT_MATCH,
CRBN,2,Q8C7D2,parse_error,N/A,N/A,0,13.33333333333333,NO_CONFIDENT_MATCH,
CRBN,3,Q56AP7,parse_error,N/A,N/A,0,13.33333333333333,NO_CONFIDENT_MATCH,
CRBN - cereblon (human),1,NO_RESULT,NO_RESULT,,,0,0.0,API_ERROR,
CRBN - cereblon (human),2,NO_RESULT,NO_RESULT,,,0,0.0,API_ERROR,
CRBN - cereblon (human),3,NO_RESULT,NO_RESULT,,,0,0.0,API_ERROR,
Caspase-3,1,P42574,parse_error,N/A,N/A,0,40.0,NO_CONFIDENT_MATCH,
Caspase-3,2,Q5IS99,parse_error,N/A,N/A,0,40.0,NO_CONFIDENT_MATCH,
Caspase-3,3,Q95ND5,parse_error,N/A,N/A,0,40.0,NO_CONFIDENT_MATCH,
Cellular tumor antigen p53,1,P10361,parse_error,N/A,N/A,0,32.432432432432435,NO_CONFIDENT_MATCH,
Cellular tumor antigen p53,2,P67939,parse_error,N/A,N/A,0,32.432432432432435,NO_CONFIDENT_MATCH,
Cellular tumor antigen p53,3,P02340,parse_error,N/A,N/A,0,32.432432432432435,NO_CONFIDENT_MATCH,
ChREBPα,1,NO_RESULT,NO_RESULT,,,0,0.0,API_ERROR,
ChREBPα,2,NO_RESULT,NO_RESULT,,,0,0.0,API_ERROR,
ChREBPα,3,NO_RESULT,NO_RESULT,,,0,0.0,API_ERROR,
Cucumis sativus (cucumber),1,NO_RESULT,NO_RESULT,,,0,0.0,API_ERROR,
Cucumis sativus (cucumber),2,NO_RESULT,NO_RESULT,,,0,0.0,API_ERROR,
Cucumis sativus (cucumber),3,NO_RESULT,NO_RESULT,,,0,0.0,API_ERROR,
Cyclin D1,1,P39948,parse_error,N/A,N/A,0,0.0,NO_CONFIDENT_MATCH,
Cyclin D1,2,P25322,parse_error,N/A,N/A,0,0.0,NO_CONFIDENT_MATCH,
Cyclin D1,3,O95273,parse_error,N/A,N/A,0,0.0,NO_CONFIDENT_MATCH,
Cyclin D2,1,P30279,parse_error,N/A,N/A,0,0.0,NO_CONFIDENT_MATCH,
Cyclin D2,2,P30280,parse_error,N/A,N/A,0,0.0,NO_CONFIDENT_MATCH,
Cyclin D2,3,Q04827,parse_error,N/A,N/A,0,0.0,NO_CONFIDENT_MATCH,
Cyclin D3,1,P30281,parse_error,N/A,N/A,0,0.0,NO_CONFIDENT_MATCH,
Cyclin D3,2,P42753,parse_error,N/A,N/A,0,0.0,NO_CONFIDENT_MATCH,
Cyclin D3,3,P48961,parse_error,N/A,N/A,0,0.0,NO_CONFIDENT_MATCH,
"Cyclin E,Jun and Notch",1,NO_RESULT,NO_RESULT,,,0,0.0,API_ERROR,
"Cyclin E,Jun and Notch",2,NO_RESULT,NO_RESULT,,,0,0.0,API_ERROR,
"Cyclin E,Jun and Notch",3,NO_RESULT,NO_RESULT,,,0,0.0,API_ERROR,
Cyclin K,1,O75909,parse_error,N/A,N/A,0,0.0,NO_CONFIDENT_MATCH,
Cyclin K,2,O88874,parse_error,N/A,N/A,0,0.0,NO_CONFIDENT_MATCH,
Cyclin K,3,F1QMB9,parse_error,N/A,N/A,0,0.0,NO_CONFIDENT_MATCH,
Cytochrome P450 2C19,1,P33261,parse_error,N/A,N/A,0,12.903225806451612,NO_CONFIDENT_MATCH,
Cytochrome P450 2C19,2,F1CGV0,parse_error,N/A,N/A,0,12.903225806451612,NO_CONFIDENT_MATCH,
Cytochrome P450 2C19,3,A0AA97L962,parse_error,N/A,N/A,0,12.903225806451612,NO_CONFIDENT_MATCH,
DARPin-Barnase,1,NO_RESULT,NO_RESULT,,,0,0.0,API_ERROR,
DARPin-Barnase,2,NO_RESULT,NO_RESULT,,,0,0.0,API_ERROR,
DARPin-Barnase,3,NO_RESULT,NO_RESULT,,,0,0.0,API_ERROR,
DCAF15,1,Q66K64,parse_error,N/A,N/A,0,11.764705882352944,NO_CONFIDENT_MATCH,
DCAF15,2,Q3SZD5,parse_error,N/A,N/A,0,11.764705882352944,NO_CONFIDENT_MATCH,
DCAF15,3,Q6PFH3,parse_error,N/A,N/A,0,11.764705882352944,NO_CONFIDENT_MATCH,
DCAF15 RBM39 Ternary Complex,1,NO_RESULT,NO_RESULT,,,0,0.0,API_ERROR,
DCAF15 RBM39 Ternary Complex,2,NO_RESULT,NO_RESULT,,,0,0.0,API_ERROR,
DCAF15 RBM39 Ternary Complex,3,NO_RESULT,NO_RESULT,,,0,0.0,API_ERROR,
DCAF15-ZEB1,1,NO_RESULT,NO_RESULT,,,0,0.0,API_ERROR,
DCAF15-ZEB1,2,NO_RESULT,NO_RESULT,,,0,0.0,API_ERROR,
DCAF15-ZEB1,3,NO_RESULT,NO_RESULT,,,0,0.0,API_ERROR,
DDB1,1,Q9XYZ5,parse_error,N/A,N/A,0,0.0,NO_CONFIDENT_MATCH,
DDB1,2,Q16531,parse_error,N/A,N/A,0,0.0,NO_CONFIDENT_MATCH,
DDB1,3,Q3U1J4,parse_error,N/A,N/A,0,0.0,NO_CONFIDENT_MATCH,
DDB1△B-DCAF15biotin and  BodipyFL-RBM39RRM2,1,NO_RESULT,NO_RESULT,,,0,0.0,API_ERROR,
DDB1△B-DCAF15biotin and  BodipyFL-RBM39RRM2,2,NO_RESULT,NO_RESULT,,,0,0.0,API_ERROR,
DDB1△B-DCAF15biotin and  BodipyFL-RBM39RRM2,3,NO_RESULT,NO_RESULT,,,0,0.0,API_ERROR,
DDB1△B–DCAF15biotin,1,NO_RESULT,NO_RESULT,,,0,0.0,API_ERROR,
DDB1△B–DCAF15biotin,2,NO_RESULT,NO_RESULT,,,0,0.0,API_ERROR,
DDB1△B–DCAF15biotin,3,NO_RESULT,NO_RESULT,,,0,0.0,API_ERROR,
DDB1△B–DCAF15biotin–DDA1,1,NO_RESULT,NO_RESULT,,,0,0.0,API_ERROR,
DDB1△B–DCAF15biotin–DDA1,2,NO_RESULT,NO_RESULT,,,0,0.0,API_ERROR,
DDB1△B–DCAF15biotin–DDA1,3,NO_RESULT,NO_RESULT,,,0,0.0,API_ERROR,
DDB1△B–DCAF15biotin–DDA1 and BodipyFL-RBM39RRM2,1,NO_RESULT,NO_RESULT,,,0,0.0,API_ERROR,
DDB1△B–DCAF15biotin–DDA1 and BodipyFL-RBM39RRM2,2,NO_RESULT,NO_RESULT,,,0,0.0,API_ERROR,
DDB1△B–DCAF15biotin–DDA1 and BodipyFL-RBM39RRM2,3,NO_RESULT,NO_RESULT,,,0,0.0,API_ERROR,
DDX5,1,P17844,parse_error,N/A,N/A,0,0.0,NO_CONFIDENT_MATCH,
DDX5,2,A5A6J2,parse_error,N/A,N/A,0,0.0,NO_CONFIDENT_MATCH,
DDX5,3,Q5R4I9,parse_error,N/A,N/A,0,0.0,NO_CONFIDENT_MATCH,
DNA,1,Q9W1H4,parse_error,N/A,N/A,0,14.28571428571429,NO_CONFIDENT_MATCH,
DNA,2,P06340,parse_error,N/A,N/A,0,14.28571428571429,NO_CONFIDENT_MATCH,
DNA,3,Q9WIJ5,parse_error,N/A,N/A,0,14.28571428571429,NO_CONFIDENT_MATCH,
DNA damage-binding protein 1/DDB1- and CUL4-associated factor 15（DCAF15）,1,NO_RESULT,NO_RESULT,,,0,0.0,API_ERROR,
DNA damage-binding protein 1/DDB1- and CUL4-associated factor 15（DCAF15）,2,NO_RESULT,NO_RESULT,,,0,0.0,API_ERROR,
DNA damage-binding protein 1/DDB1- and CUL4-associated factor 15（DCAF15）,3,NO_RESULT,NO_RESULT,,,0,0.0,API_ERROR,
DNA-binding protein Ikaros/Protein cereblon,1,NO_RESULT,NO_RESULT,,,0,0.0,API_ERROR,
DNA-binding protein Ikaros/Protein cereblon,2,NO_RESULT,NO_RESULT,,,0,0.0,API_ERROR,
DNA-binding protein Ikaros/Protein cereblon,3,NO_RESULT,NO_RESULT,,,0,0.0,API_ERROR,
E2F2,1,Q14209,parse_error,N/A,N/A,0,13.33333333333333,NO_CONFIDENT_MATCH,
E2F2,2,P56931,parse_error,N/A,N/A,0,13.33333333333333,NO_CONFIDENT_MATCH,
E2F2,3,O77051,parse_error,N/A,N/A,0,13.33333333333333,NO_CONFIDENT_MATCH,
E3 ubiquitin-protein ligase Mdm2,1,Q00987,parse_error,N/A,N/A,0,23.25581395348837,NO_CONFIDENT_MATCH,
E3 ubiquitin-protein ligase Mdm2,2,O42354,parse_error,N/A,N/A,0,23.25581395348837,NO_CONFIDENT_MATCH,
E3 ubiquitin-protein ligase Mdm2,3,P23804,parse_error,N/A,N/A,0,23.25581395348837,NO_CONFIDENT_MATCH,
EGFR L858R,1,NO_RESULT,NO_RESULT,,,0,0.0,API_ERROR,
EGFR L858R,2,NO_RESULT,NO_RESULT,,,0,0.0,API_ERROR,
EGFR L858R,3,NO_RESULT,NO_RESULT,,,0,0.0,API_ERROR,
ER,1,Q8LB08,parse_error,N/A,N/A,0,30.76923076923077,NO_CONFIDENT_MATCH,
ER,2,Q9LQ04,parse_error,N/A,N/A,0,30.76923076923077,NO_CONFIDENT_MATCH,
ER,3,Q9H5V9,parse_error,N/A,N/A,0,30.76923076923077,NO_CONFIDENT_MATCH,
ERα,1,A0A8M3B0Y2,parse_error,N/A,N/A,0,28.57142857142857,NO_CONFIDENT_MATCH,
ERα,2,D9I039,parse_error,N/A,N/A,0,28.57142857142857,NO_CONFIDENT_MATCH,
ERα,3,Q6A4C2,parse_error,N/A,N/A,0,28.57142857142857,NO_CONFIDENT_MATCH,
ETS1,1,P14921,parse_error,N/A,N/A,0,13.33333333333333,NO_CONFIDENT_MATCH,
ETS1,2,P27577,parse_error,N/A,N/A,0,13.33333333333333,NO_CONFIDENT_MATCH,
ETS1,3,P41156,parse_error,N/A,N/A,0,13.33333333333333,NO_CONFIDENT_MATCH,
EpCAM,1,O55159,parse_error,N/A,N/A,0,25.0,NO_CONFIDENT_MATCH,
EpCAM,2,Q99JW5,parse_error,N/A,N/A,0,25.0,NO_CONFIDENT_MATCH,
EpCAM,3,P16422,parse_error,N/A,N/A,0,25.0,NO_CONFIDENT_MATCH,
Eukaryotic peptide chain release factor GTP-binding subunit ERF3A,1,P15170,parse_error,N/A,N/A,0,15.789473684210531,NO_CONFIDENT_MATCH,
Eukaryotic peptide chain release factor GTP-binding subunit ERF3A,2,Q8R050,parse_error,N/A,N/A,0,15.789473684210531,NO_CONFIDENT_MATCH,
Eukaryotic peptide chain release factor GTP-binding subunit ERF3A,3,A0A151N171,parse_error,N/A,N/A,0,15.789473684210531,NO_CONFIDENT_MATCH,
Eukaryotic peptide chain release factor GTP-binding subunit ERF3A （GSPT1）,1,NO_RESULT,NO_RESULT,,,0,0.0,API_ERROR,
Eukaryotic peptide chain release factor GTP-binding subunit ERF3A （GSPT1）,2,NO_RESULT,NO_RESULT,,,0,0.0,API_ERROR,
Eukaryotic peptide chain release factor GTP-binding subunit ERF3A （GSPT1）,3,NO_RESULT,NO_RESULT,,,0,0.0,API_ERROR,
FGFR4,1,P22455,parse_error,N/A,N/A,0,12.5,NO_CONFIDENT_MATCH,
FGFR4,2,Q498D6,parse_error,N/A,N/A,0,12.5,NO_CONFIDENT_MATCH,
FGFR4,3,Q90413,parse_error,N/A,N/A,0,12.5,NO_CONFIDENT_MATCH,
FKBP51,1,Q13451,parse_error,N/A,N/A,0,11.764705882352944,NO_CONFIDENT_MATCH,
FKBP51,2,Q64378,parse_error,N/A,N/A,0,11.764705882352944,NO_CONFIDENT_MATCH,
FKBP51,3,Q9XT11,parse_error,N/A,N/A,0,11.764705882352944,NO_CONFIDENT_MATCH,
GAPDH,1,Q5XJ10,parse_error,N/A,N/A,0,12.5,NO_CONFIDENT_MATCH,
GAPDH,2,P04406,parse_error,N/A,N/A,0,12.5,NO_CONFIDENT_MATCH,
GAPDH,3,P16858,parse_error,N/A,N/A,0,12.5,NO_CONFIDENT_MATCH,
GLP1R - glucagon like peptide 1 receptor (human),1,NO_RESULT,NO_RESULT,,,0,0.0,API_ERROR,
GLP1R - glucagon like peptide 1 receptor (human),2,NO_RESULT,NO_RESULT,,,0,0.0,API_ERROR,
GLP1R - glucagon like peptide 1 receptor (human),3,NO_RESULT,NO_RESULT,,,0,0.0,API_ERROR,
GSPT1,1,P15170,parse_error,N/A,N/A,0,12.5,NO_CONFIDENT_MATCH,
GSPT1,2,Q8R050,parse_error,N/A,N/A,0,12.5,NO_CONFIDENT_MATCH,
GSPT1,3,A7YWL9,parse_error,N/A,N/A,0,12.5,NO_CONFIDENT_MATCH,
GSPT1 - G1 to S phase transition 1 (human),1,NO_RESULT,NO_RESULT,,,0,0.0,API_ERROR,
GSPT1 - G1 to S phase transition 1 (human),2,NO_RESULT,NO_RESULT,,,0,0.0,API_ERROR,
GSPT1 - G1 to S phase transition 1 (human),3,NO_RESULT,NO_RESULT,,,0,0.0,API_ERROR,
GSPT2,1,Q8IYD1,parse_error,N/A,N/A,0,12.5,NO_CONFIDENT_MATCH,
GSPT2,2,Q149F3,parse_error,N/A,N/A,0,12.5,NO_CONFIDENT_MATCH,
GSPT2,3,Q5R4B3,parse_error,N/A,N/A,0,12.5,NO_CONFIDENT_MATCH,
Glucokinase,1,Q14397,parse_error,N/A,N/A,0,27.27272727272727,NO_CONFIDENT_MATCH,
Glucokinase,2,Q9BRR6,parse_error,N/A,N/A,0,27.27272727272727,NO_CONFIDENT_MATCH,
Glucokinase,3,Q07071,parse_error,N/A,N/A,0,27.27272727272727,NO_CONFIDENT_MATCH,
HDAC1,1,Q13547,parse_error,N/A,N/A,0,12.5,NO_CONFIDENT_MATCH,
HDAC1,2,O09106,parse_error,N/A,N/A,0,12.5,NO_CONFIDENT_MATCH,
HDAC1,3,Q32PJ8,parse_error,N/A,N/A,0,12.5,NO_CONFIDENT_MATCH,
HDAC2,1,Q92769,parse_error,N/A,N/A,0,12.5,NO_CONFIDENT_MATCH,
HDAC2,2,P56519,parse_error,N/A,N/A,0,12.5,NO_CONFIDENT_MATCH,
HDAC2,3,P70288,parse_error,N/A,N/A,0,12.5,NO_CONFIDENT_MATCH,
HDAC3,1,O15379,parse_error,N/A,N/A,0,12.5,NO_CONFIDENT_MATCH,
HDAC3,2,O88895,parse_error,N/A,N/A,0,12.5,NO_CONFIDENT_MATCH,
HDAC3,3,Q6P6W3,parse_error,N/A,N/A,0,12.5,NO_CONFIDENT_MATCH,
HSP90,1,P02829,parse_error,N/A,N/A,0,12.5,NO_CONFIDENT_MATCH,
HSP90,2,Q7L3B6,parse_error,N/A,N/A,0,12.5,NO_CONFIDENT_MATCH,
HSP90,3,Q16543,parse_error,N/A,N/A,0,12.5,NO_CONFIDENT_MATCH,
HTRF binary – DCAF15,1,NO_RESULT,NO_RESULT,,,0,0.0,API_ERROR,
HTRF binary – DCAF15,2,NO_RESULT,NO_RESULT,,,0,0.0,API_ERROR,
HTRF binary – DCAF15,3,NO_RESULT,NO_RESULT,,,0,0.0,API_ERROR,
HbF,1,P55316,parse_error,N/A,N/A,0,0.0,NO_CONFIDENT_MATCH,
HbF,2,P93839,parse_error,N/A,N/A,0,0.0,NO_CONFIDENT_MATCH,
HbF,3,C3VEV2,parse_error,N/A,N/A,0,0.0,NO_CONFIDENT_MATCH,
Helios,1,Q9UKS7,parse_error,N/A,N/A,0,23.529411764705888,NO_CONFIDENT_MATCH,
Helios,2,P81183,parse_error,N/A,N/A,0,23.529411764705888,NO_CONFIDENT_MATCH,
Helios,3,C4XVC9,parse_error,N/A,N/A,0,23.529411764705888,NO_CONFIDENT_MATCH,
Herg,1,Q12809,parse_error,N/A,N/A,0,26.66666666666667,NO_CONFIDENT_MATCH,
Herg,2,Q9NS40,parse_error,N/A,N/A,0,26.66666666666667,NO_CONFIDENT_MATCH,
Herg,3,Q9H252,parse_error,N/A,N/A,0,26.66666666666667,NO_CONFIDENT_MATCH,
High affinity nerve growth factor receptor,1,A0A8C6YLR4,High affinity nerve growth factor receptor,,Nothoprocta perdicaria,596,100.0,AMBIGUOUS_MULTI_ORGANISM,
High affinity nerve growth factor receptor,2,Q3UFB7,parse_error,N/A,N/A,0,26.415094339622648,AMBIGUOUS_MULTI_ORGANISM,
High affinity nerve growth factor receptor,3,Q91009,parse_error,N/A,N/A,0,26.415094339622648,AMBIGUOUS_MULTI_ORGANISM,
Human T1R2/T1R3 receptor,1,NO_RESULT,NO_RESULT,,,0,0.0,API_ERROR,
Human T1R2/T1R3 receptor,2,NO_RESULT,NO_RESULT,,,0,0.0,API_ERROR,
Human T1R2/T1R3 receptor,3,NO_RESULT,NO_RESULT,,,0,0.0,API_ERROR,
IDO1,1,P14902,parse_error,N/A,N/A,0,13.33333333333333,NO_CONFIDENT_MATCH,
IDO1,2,Q9ERD9,parse_error,N/A,N/A,0,13.33333333333333,NO_CONFIDENT_MATCH,
IDO1,3,P28776,parse_error,N/A,N/A,0,13.33333333333333,NO_CONFIDENT_MATCH,
IKZF,1,A0A6J8EK27,N/A,,Mytilus coruscus,203,0.0,NO_CONFIDENT_MATCH,
IKZF,2,A0A034WUR7,parse_error,N/A,N/A,0,0.0,NO_CONFIDENT_MATCH,
IKZF,3,A0A6J8E2R9,N/A,,Mytilus coruscus,249,0.0,NO_CONFIDENT_MATCH,
IKZF1,1,Q13422,parse_error,N/A,N/A,0,0.0,NO_CONFIDENT_MATCH,
IKZF1,2,Q03267,parse_error,N/A,N/A,0,0.0,NO_CONFIDENT_MATCH,
IKZF1,3,O42410,parse_error,N/A,N/A,0,0.0,NO_CONFIDENT_MATCH,
IKZF1/2/3,1,NO_RESULT,NO_RESULT,,,0,0.0,API_ERROR,
IKZF1/2/3,2,NO_RESULT,NO_RESULT,,,0,0.0,API_ERROR,
IKZF1/2/3,3,NO_RESULT,NO_RESULT,,,0,0.0,API_ERROR,
IKZF1/2/3 and CK1α,1,NO_RESULT,NO_RESULT,,,0,0.0,API_ERROR,
IKZF1/2/3 and CK1α,2,NO_RESULT,NO_RESULT,,,0,0.0,API_ERROR,
IKZF1/2/3 and CK1α,3,NO_RESULT,NO_RESULT,,,0,0.0,API_ERROR,
IKZF2,1,Q9UKS7,parse_error,N/A,N/A,0,0.0,NO_CONFIDENT_MATCH,
IKZF2,2,P81183,parse_error,N/A,N/A,0,0.0,NO_CONFIDENT_MATCH,
IKZF2,3,A0A852CQY4,parse_error,N/A,N/A,0,0.0,NO_CONFIDENT_MATCH,
IKZF3,1,Q9UKT9,parse_error,N/A,N/A,0,0.0,NO_CONFIDENT_MATCH,
IKZF3,2,O08900,parse_error,N/A,N/A,0,0.0,NO_CONFIDENT_MATCH,
IKZF3,3,A2VDW9,parse_error,N/A,N/A,0,0.0,NO_CONFIDENT_MATCH,
IKZF4,1,Q9H2S9,parse_error,N/A,N/A,0,0.0,NO_CONFIDENT_MATCH,
IKZF4,2,Q8C208,parse_error,N/A,N/A,0,0.0,NO_CONFIDENT_MATCH,
IKZF4,3,A0A6D2WCH1,parse_error,N/A,N/A,0,0.0,NO_CONFIDENT_MATCH,
IN-LEDGF/p75 interaction,1,NO_RESULT,NO_RESULT,,,0,0.0,API_ERROR,
IN-LEDGF/p75 interaction,2,NO_RESULT,NO_RESULT,,,0,0.0,API_ERROR,
IN-LEDGF/p75 interaction,3,NO_RESULT,NO_RESULT,,,0,0.0,API_ERROR,
IN-LEDGF/p76 interaction,1,NO_RESULT,NO_RESULT,,,0,0.0,API_ERROR,
IN-LEDGF/p76 interaction,2,NO_RESULT,NO_RESULT,,,0,0.0,API_ERROR,
IN-LEDGF/p76 interaction,3,NO_RESULT,NO_RESULT,,,0,0.0,API_ERROR,
IN-LEDGF/p77 interaction,1,NO_RESULT,NO_RESULT,,,0,0.0,API_ERROR,
IN-LEDGF/p77 interaction,2,NO_RESULT,NO_RESULT,,,0,0.0,API_ERROR,
IN-LEDGF/p77 interaction,3,NO_RESULT,NO_RESULT,,,0,0.0,API_ERROR,
IN-LEDGF/p78 interaction,1,NO_RESULT,NO_RESULT,,,0,0.0,API_ERROR,
IN-LEDGF/p78 interaction,2,NO_RESULT,NO_RESULT,,,0,0.0,API_ERROR,
IN-LEDGF/p78 interaction,3,NO_RESULT,NO_RESULT,,,0,0.0,API_ERROR,
IN-LEDGF/p79 interaction,1,NO_RESULT,NO_RESULT,,,0,0.0,API_ERROR,
IN-LEDGF/p79 interaction,2,NO_RESULT,NO_RESULT,,,0,0.0,API_ERROR,
IN-LEDGF/p79 interaction,3,NO_RESULT,NO_RESULT,,,0,0.0,API_ERROR,
IN-LEDGF/p80 interaction,1,NO_RESULT,NO_RESULT,,,0,0.0,API_ERROR,
IN-LEDGF/p80 interaction,2,NO_RESULT,NO_RESULT,,,0,0.0,API_ERROR,
IN-LEDGF/p80 interaction,3,NO_RESULT,NO_RESULT,,,0,0.0,API_ERROR,
IN-LEDGF/p81 interaction,1,NO_RESULT,NO_RESULT,,,0,0.0,API_ERROR,
IN-LEDGF/p81 interaction,2,NO_RESULT,NO_RESULT,,,0,0.0,API_ERROR,
IN-LEDGF/p81 interaction,3,NO_RESULT,NO_RESULT,,,0,0.0,API_ERROR,
IRAK4,1,Q9NWZ3,parse_error,N/A,N/A,0,12.5,NO_CONFIDENT_MATCH,
IRAK4,2,Q8R4K2,parse_error,N/A,N/A,0,12.5,NO_CONFIDENT_MATCH,
IRAK4,3,Q1RMT8,parse_error,N/A,N/A,0,12.5,NO_CONFIDENT_MATCH,
JAK1,1,P23458,parse_error,N/A,N/A,0,13.33333333333333,NO_CONFIDENT_MATCH,
JAK1,2,P52332,parse_error,N/A,N/A,0,13.33333333333333,NO_CONFIDENT_MATCH,
JAK1,3,O12990,parse_error,N/A,N/A,0,13.33333333333333,NO_CONFIDENT_MATCH,
JAK3,1,P52333,parse_error,N/A,N/A,0,13.33333333333333,NO_CONFIDENT_MATCH,
JAK3,2,Q62137,parse_error,N/A,N/A,0,13.33333333333333,NO_CONFIDENT_MATCH,
JAK3,3,Q63272,parse_error,N/A,N/A,0,13.33333333333333,NO_CONFIDENT_MATCH,
KASH2,1,Q8WXH0,parse_error,N/A,N/A,0,25.0,NO_CONFIDENT_MATCH,
KASH2,2,Q6ZWQ0,parse_error,N/A,N/A,0,25.0,NO_CONFIDENT_MATCH,
KASH2,3,NO_RESULT,NO_RESULT,,,0,0.0,NO_CONFIDENT_MATCH,
KBTB4,1,U6CVR5,parse_error,N/A,N/A,0,0.0,NO_CONFIDENT_MATCH,
KBTB4,2,A0A7K4JJ04,parse_error,N/A,N/A,0,0.0,NO_CONFIDENT_MATCH,
KBTB4,3,A0A7K4PBA8,parse_error,N/A,N/A,0,0.0,NO_CONFIDENT_MATCH,
KRAS,1,P01116,parse_error,N/A,N/A,0,26.66666666666667,NO_CONFIDENT_MATCH,
KRAS,2,P32883,parse_error,N/A,N/A,0,26.66666666666667,NO_CONFIDENT_MATCH,
KRAS,3,P08644,parse_error,N/A,N/A,0,26.66666666666667,NO_CONFIDENT_MATCH,
KRasG12C,1,NO_RESULT,NO_RESULT,,,0,0.0,API_ERROR,
KRasG12C,2,NO_RESULT,NO_RESULT,,,0,0.0,API_ERROR,
KRasG12C,3,NO_RESULT,NO_RESULT,,,0,0.0,API_ERROR,
LLPS,1,A7DWL2,parse_error,N/A,N/A,0,26.66666666666667,NO_CONFIDENT_MATCH,
LLPS,2,NO_RESULT,NO_RESULT,,,0,0.0,NO_CONFIDENT_MATCH,
LLPS,3,NO_RESULT,NO_RESULT,,,0,0.0,NO_CONFIDENT_MATCH,
"LOC127128483 - pyruvate dehydrogenase E1 component subunit beta, mitochondrial (garden pea)",1,NO_RESULT,NO_RESULT,,,0,0.0,API_ERROR,
"LOC127128483 - pyruvate dehydrogenase E1 component subunit beta, mitochondrial (garden pea)",2,NO_RESULT,NO_RESULT,,,0,0.0,API_ERROR,
"LOC127128483 - pyruvate dehydrogenase E1 component subunit beta, mitochondrial (garden pea)",3,NO_RESULT,NO_RESULT,,,0,0.0,API_ERROR,
Lin28,1,Q9H9Z2,parse_error,N/A,N/A,0,0.0,NO_CONFIDENT_MATCH,
Lin28,2,Q8K3Y3,parse_error,N/A,N/A,0,0.0,NO_CONFIDENT_MATCH,
Lin28,3,Q803L0,parse_error,N/A,N/A,0,0.0,NO_CONFIDENT_MATCH,
MDH1,1,Q9ZP06,"Malate dehydrogenase 1, mitochondrial",,Arabidopsis thaliana,341,9.756097560975608,NO_CONFIDENT_MATCH,
MDH1,2,P93819,parse_error,N/A,N/A,0,0.0,NO_CONFIDENT_MATCH,
MDH1,3,P40925,parse_error,N/A,N/A,0,0.0,NO_CONFIDENT_MATCH,
MDM2 - MDM2 proto-oncogene (human),1,NO_RESULT,NO_RESULT,,,0,0.0,API_ERROR,
MDM2 - MDM2 proto-oncogene (human),2,NO_RESULT,NO_RESULT,,,0,0.0,API_ERROR,
MDM2 - MDM2 proto-oncogene (human),3,NO_RESULT,NO_RESULT,,,0,0.0,API_ERROR,
MDM2 and GSPT1 protein,1,NO_RESULT,NO_RESULT,,,0,0.0,API_ERROR,
MDM2 and GSPT1 protein,2,NO_RESULT,NO_RESULT,,,0,0.0,API_ERROR,
MDM2 and GSPT1 protein,3,NO_RESULT,NO_RESULT,,,0,0.0,API_ERROR,
"MDM2, GSPT1 and p53 protein",1,NO_RESULT,NO_RESULT,,,0,0.0,API_ERROR,
"MDM2, GSPT1 and p53 protein",2,NO_RESULT,NO_RESULT,,,0,0.0,API_ERROR,
"MDM2, GSPT1 and p53 protein",3,NO_RESULT,NO_RESULT,,,0,0.0,API_ERROR,
N-cadherin,1,P19022,parse_error,N/A,N/A,0,28.57142857142857,NO_CONFIDENT_MATCH,
N-cadherin,2,P55289,parse_error,N/A,N/A,0,28.57142857142857,NO_CONFIDENT_MATCH,
N-cadherin,3,P15116,parse_error,N/A,N/A,0,28.57142857142857,NO_CONFIDENT_MATCH,
NDH1,1,P40215,parse_error,N/A,N/A,0,0.0,NO_CONFIDENT_MATCH,
NDH1,2,P06254,parse_error,N/A,N/A,0,0.0,NO_CONFIDENT_MATCH,
NDH1,3,P06255,parse_error,N/A,N/A,0,0.0,NO_CONFIDENT_MATCH,
NPM-ALK,1,NO_RESULT,NO_RESULT,,,0,0.0,API_ERROR,
NPM-ALK,2,NO_RESULT,NO_RESULT,,,0,0.0,API_ERROR,
NPM-ALK,3,NO_RESULT,NO_RESULT,,,0,0.0,API_ERROR,
P. aeruginosa,1,A0A1L7V7A7,N/A,,Fusarium proliferatum (strain ET1),1306,25.0,NO_CONFIDENT_MATCH,
P. aeruginosa,2,A0AAE8SI03,N/A,,Fusarium torulosum,1306,25.0,NO_CONFIDENT_MATCH,
P. aeruginosa,3,S0DQM3,N/A,,Gibberella fujikuroi (strain CBS 195.34 / IMI 58289 / NRRL A-6831),1306,25.0,NO_CONFIDENT_MATCH,
P53,1,P04637,parse_error,N/A,N/A,0,14.28571428571429,NO_CONFIDENT_MATCH,
P53,2,P10361,parse_error,N/A,N/A,0,14.28571428571429,NO_CONFIDENT_MATCH,
P53,3,P02340,parse_error,N/A,N/A,0,14.28571428571429,NO_CONFIDENT_MATCH,
"PDE6D, IKZF1, IKZF3, and CK1α",1,NO_RESULT,NO_RESULT,,,0,0.0,API_ERROR,
"PDE6D, IKZF1, IKZF3, and CK1α",2,NO_RESULT,NO_RESULT,,,0,0.0,API_ERROR,
"PDE6D, IKZF1, IKZF3, and CK1α",3,NO_RESULT,NO_RESULT,,,0,0.0,API_ERROR,
PHGDH,1,O43175,parse_error,N/A,N/A,0,12.5,NO_CONFIDENT_MATCH,
PHGDH,2,O08651,parse_error,N/A,N/A,0,12.5,NO_CONFIDENT_MATCH,
PHGDH,3,Q61753,parse_error,N/A,N/A,0,12.5,NO_CONFIDENT_MATCH,
PI3Ka,1,Q5CXB2,N/A,,Cryptosporidium parvum (strain Iowa II),943,25.0,NO_CONFIDENT_MATCH,
PI3Ka,2,A0A077ZHT3,N/A,,Trichuris trichiura,709,25.0,NO_CONFIDENT_MATCH,
PI3Ka,3,NO_RESULT,NO_RESULT,,,0,0.0,NO_CONFIDENT_MATCH,
PKCα,1,A0A8J1IWQ9,parse_error,N/A,N/A,0,13.33333333333333,NO_CONFIDENT_MATCH,
PKCα,2,A0A8J1IZY1,parse_error,N/A,N/A,0,13.33333333333333,NO_CONFIDENT_MATCH,
PKCα,3,A0JM65,parse_error,N/A,N/A,0,13.33333333333333,NO_CONFIDENT_MATCH,
PPIL4,1,A0A498LHP5,Peptidyl-prolyl cis-trans isomerase-like 4,,Labeo rohita,1689,17.021276595744684,NO_CONFIDENT_MATCH,
PPIL4,2,Q8WUA2,parse_error,N/A,N/A,0,12.5,NO_CONFIDENT_MATCH,
PPIL4,3,Q9CXG3,parse_error,N/A,N/A,0,12.5,NO_CONFIDENT_MATCH,
PRDX4,1,Q13162,parse_error,N/A,N/A,0,25.0,NO_CONFIDENT_MATCH,
PRDX4,2,O08807,parse_error,N/A,N/A,0,25.0,NO_CONFIDENT_MATCH,
PRDX4,3,Q9Z0V5,parse_error,N/A,N/A,0,25.0,NO_CONFIDENT_MATCH,
Pin1,1,Q13526,parse_error,N/A,N/A,0,13.33333333333333,NO_CONFIDENT_MATCH,
Pin1,2,Q9SL42,parse_error,N/A,N/A,0,13.33333333333333,NO_CONFIDENT_MATCH,
Pin1,3,Q9QUR7,parse_error,N/A,N/A,0,13.33333333333333,NO_CONFIDENT_MATCH,
Potassium voltage-gated channel subfamily H member 2,1,Q12809,parse_error,N/A,N/A,0,15.873015873015872,NO_CONFIDENT_MATCH,
Potassium voltage-gated channel subfamily H member 2,2,O35219,parse_error,N/A,N/A,0,15.873015873015872,NO_CONFIDENT_MATCH,
Potassium voltage-gated channel subfamily H member 2,3,O08962,parse_error,N/A,N/A,0,15.873015873015872,NO_CONFIDENT_MATCH,
RAF,1,N/A,N/A,N/A,N/A,N/A,0.0,API_ERROR,"HTTPSConnectionPool(host='rest.uniprot.org', port=443): Read timed out. (read timeout=30)"
RAF,2,NO_RESULT,NO_RESULT,,,0,0.0,API_ERROR,
RAF,3,NO_RESULT,NO_RESULT,,,0,0.0,API_ERROR,
RBM39,1,N/A,N/A,N/A,N/A,N/A,0.0,API_ERROR,"HTTPSConnectionPool(host='rest.uniprot.org', port=443): Max retries exceeded with url: /uniprotkb/search?query=protein_name%3A%22RBM39%22+OR+gene%3A%22RBM39%22&format=json&size=5&fields=accession%2Cprotein_name%2Cgene_names%2Corganism_name%2Csequence (Caused by NewConnectionError('<urllib3.connection.HTTPSConnection object at 0x000001FBBA7F7B10>: Failed to establish a new connection: [WinError 10053] An established connection was aborted by the software in your host machine'))"
RBM39,2,NO_RESULT,NO_RESULT,,,0,0.0,API_ERROR,
RBM39,3,NO_RESULT,NO_RESULT,,,0,0.0,API_ERROR,
"RBM39,DCAF15",1,NO_RESULT,NO_RESULT,,,0,0.0,API_ERROR,
"RBM39,DCAF15",2,NO_RESULT,NO_RESULT,,,0,0.0,API_ERROR,
"RBM39,DCAF15",3,NO_RESULT,NO_RESULT,,,0,0.0,API_ERROR,
RCOR1,1,N/A,N/A,N/A,N/A,N/A,0.0,API_ERROR,"('Connection aborted.', RemoteDisconnected('Remote end closed connection without response'))"
RCOR1,2,NO_RESULT,NO_RESULT,,,0,0.0,API_ERROR,
RCOR1,3,NO_RESULT,NO_RESULT,,,0,0.0,API_ERROR,
"RCOR1,LSD1,HDAC1 ,HDAC2",1,NO_RESULT,NO_RESULT,,,0,0.0,API_ERROR,
"RCOR1,LSD1,HDAC1 ,HDAC2",2,NO_RESULT,NO_RESULT,,,0,0.0,API_ERROR,
"RCOR1,LSD1,HDAC1 ,HDAC2",3,NO_RESULT,NO_RESULT,,,0,0.0,API_ERROR,
RNA,1,P21338,parse_error,N/A,N/A,0,14.28571428571429,NO_CONFIDENT_MATCH,
RNA,2,Q8N999,parse_error,N/A,N/A,0,14.28571428571429,NO_CONFIDENT_MATCH,
RNA,3,Q9BQ04,parse_error,N/A,N/A,0,14.28571428571429,NO_CONFIDENT_MATCH,
RUNX3,1,Q13761,parse_error,N/A,N/A,0,12.5,NO_CONFIDENT_MATCH,
RUNX3,2,Q64131,parse_error,N/A,N/A,0,12.5,NO_CONFIDENT_MATCH,
RUNX3,3,A0A0G2K7T0,parse_error,N/A,N/A,0,12.5,NO_CONFIDENT_MATCH,
Ricin,1,P02879,Ricin,,Ricinus communis,576,100.0,AMBIGUOUS_MULTI_ORGANISM,
Ricin,2,B2ZRS9,Ricin B-like lectin,,Clitocybe nebularis,149,41.666666666666664,AMBIGUOUS_MULTI_ORGANISM,
Ricin,3,Q945P1,parse_error,N/A,N/A,0,12.5,AMBIGUOUS_MULTI_ORGANISM,
Rpn3/Rpn7,1,NO_RESULT,NO_RESULT,,,0,0.0,API_ERROR,
Rpn3/Rpn7,2,NO_RESULT,NO_RESULT,,,0,0.0,API_ERROR,
Rpn3/Rpn7,3,NO_RESULT,NO_RESULT,,,0,0.0,API_ERROR,
SALL4,1,Q9UJQ4,parse_error,N/A,N/A,0,12.5,NO_CONFIDENT_MATCH,
SALL4,2,Q8BX22,parse_error,N/A,N/A,0,12.5,NO_CONFIDENT_MATCH,
SALL4,3,M0RDM1,parse_error,N/A,N/A,0,12.5,NO_CONFIDENT_MATCH,
SHP2,1,O74829,parse_error,N/A,N/A,0,13.33333333333333,NO_CONFIDENT_MATCH,
SHP2,2,P29385,parse_error,N/A,N/A,0,13.33333333333333,NO_CONFIDENT_MATCH,
SHP2,3,Q9Y3P8,parse_error,N/A,N/A,0,13.33333333333333,NO_CONFIDENT_MATCH,
SLFN12,1,Q8IYM2,parse_error,N/A,N/A,0,11.764705882352944,NO_CONFIDENT_MATCH,
SLFN12,2,A0A2Y9EP75,parse_error,N/A,N/A,0,11.764705882352944,NO_CONFIDENT_MATCH,
SLFN12,3,A0ABM3SRZ0,parse_error,N/A,N/A,0,11.764705882352944,NO_CONFIDENT_MATCH,
SMAD4R361H-SMAD3 PPI,1,NO_RESULT,NO_RESULT,,,0,0.0,API_ERROR,
SMAD4R361H-SMAD3 PPI,2,NO_RESULT,NO_RESULT,,,0,0.0,API_ERROR,
SMAD4R361H-SMAD3 PPI,3,NO_RESULT,NO_RESULT,,,0,0.0,API_ERROR,
SMAD4R361H/SMAD3 PPI,1,NO_RESULT,NO_RESULT,,,0,0.0,API_ERROR,
SMAD4R361H/SMAD3 PPI,2,NO_RESULT,NO_RESULT,,,0,0.0,API_ERROR,
SMAD4R361H/SMAD3 PPI,3,NO_RESULT,NO_RESULT,,,0,0.0,API_ERROR,
SMARCA2,1,P51531,parse_error,N/A,N/A,0,22.22222222222222,NO_CONFIDENT_MATCH,
SMARCA2,2,Q6DIC0,parse_error,N/A,N/A,0,22.22222222222222,NO_CONFIDENT_MATCH,
SMARCA2,3,A5PKK5,parse_error,N/A,N/A,0,22.22222222222222,NO_CONFIDENT_MATCH,
SMARCA2/4,1,A0A812CLZ5,N/A,,Acanthosepion pharaonis,1772,16.666666666666664,NO_CONFIDENT_MATCH,
SMARCA2/4,2,A0A8S3QAJ4,N/A,,Mytilus edulis,617,16.666666666666664,NO_CONFIDENT_MATCH,
SMARCA2/4,3,A0A6J8D5A1,N/A,,Mytilus coruscus,464,16.666666666666664,NO_CONFIDENT_MATCH,
SMARCA4,1,P51532,parse_error,N/A,N/A,0,22.22222222222222,NO_CONFIDENT_MATCH,
SMARCA4,2,A7Z019,parse_error,N/A,N/A,0,22.22222222222222,NO_CONFIDENT_MATCH,
SMARCA4,3,Q8K1P7,parse_error,N/A,N/A,0,22.22222222222222,NO_CONFIDENT_MATCH,
Solanum lycopersicum,1,A0A8J2GZW2,N/A,,Cotesia congregata,517,8.695652173913048,NO_CONFIDENT_MATCH,
Solanum lycopersicum,2,NO_RESULT,NO_RESULT,,,0,0.0,NO_CONFIDENT_MATCH,
Solanum lycopersicum,3,NO_RESULT,NO_RESULT,,,0,0.0,NO_CONFIDENT_MATCH,
TAZ,1,F1QCP6,parse_error,N/A,N/A,0,14.28571428571429,NO_CONFIDENT_MATCH,
TAZ,2,Q91WF0,parse_error,N/A,N/A,0,14.28571428571429,NO_CONFIDENT_MATCH,
TAZ,3,Q9V6G5,parse_error,N/A,N/A,0,14.28571428571429,NO_CONFIDENT_MATCH,
TMEM173,1,Q86WV6,parse_error,N/A,N/A,0,11.111111111111116,NO_CONFIDENT_MATCH,
TMEM173,2,F1M391,parse_error,N/A,N/A,0,11.111111111111116,NO_CONFIDENT_MATCH,
TMEM173,3,E7F4N7,parse_error,N/A,N/A,0,11.111111111111116,NO_CONFIDENT_MATCH,
TP53 - tumor protein p53 (human),1,NO_RESULT,NO_RESULT,,,0,0.0,API_ERROR,
TP53 - tumor protein p53 (human),2,NO_RESULT,NO_RESULT,,,0,0.0,API_ERROR,
TP53 - tumor protein p53 (human),3,NO_RESULT,NO_RESULT,,,0,0.0,API_ERROR,
UBR7,1,Q8N806,parse_error,N/A,N/A,0,13.33333333333333,NO_CONFIDENT_MATCH,
UBR7,2,Q8BU04,parse_error,N/A,N/A,0,13.33333333333333,NO_CONFIDENT_MATCH,
UBR7,3,Q54DV0,parse_error,N/A,N/A,0,13.33333333333333,NO_CONFIDENT_MATCH,
USP28,1,Q96RU2,parse_error,N/A,N/A,0,12.5,NO_CONFIDENT_MATCH,
USP28,2,D3ZJ96,parse_error,N/A,N/A,0,12.5,NO_CONFIDENT_MATCH,
USP28,3,Q5I043,parse_error,N/A,N/A,0,12.5,NO_CONFIDENT_MATCH,
VDR - vitamin D receptor (human),1,NO_RESULT,NO_RESULT,,,0,0.0,API_ERROR,
VDR - vitamin D receptor (human),2,NO_RESULT,NO_RESULT,,,0,0.0,API_ERROR,
VDR - vitamin D receptor (human),3,NO_RESULT,NO_RESULT,,,0,0.0,API_ERROR,
Vinculin,1,P18206,parse_error,N/A,N/A,0,0.0,NO_CONFIDENT_MATCH,
Vinculin,2,P85972,parse_error,N/A,N/A,0,0.0,NO_CONFIDENT_MATCH,
Vinculin,3,P19826,parse_error,N/A,N/A,0,0.0,NO_CONFIDENT_MATCH,
WDR5,1,P61964,parse_error,N/A,N/A,0,13.33333333333333,NO_CONFIDENT_MATCH,
WDR5,2,Q498M4,parse_error,N/A,N/A,0,13.33333333333333,NO_CONFIDENT_MATCH,
WDR5,3,P61965,parse_error,N/A,N/A,0,13.33333333333333,NO_CONFIDENT_MATCH,
WEE1,1,P30291,parse_error,N/A,N/A,0,26.66666666666667,NO_CONFIDENT_MATCH,
WEE1,2,Q63802,parse_error,N/A,N/A,0,26.66666666666667,NO_CONFIDENT_MATCH,
WEE1,3,P47810,parse_error,N/A,N/A,0,26.66666666666667,NO_CONFIDENT_MATCH,
WEEl,1,NO_RESULT,NO_RESULT,,,0,0.0,API_ERROR,
WEEl,2,NO_RESULT,NO_RESULT,,,0,0.0,API_ERROR,
WEEl,3,NO_RESULT,NO_RESULT,,,0,0.0,API_ERROR,
WIZ,1,O95785,parse_error,N/A,N/A,0,0.0,NO_CONFIDENT_MATCH,
WIZ,2,O88286,parse_error,N/A,N/A,0,0.0,NO_CONFIDENT_MATCH,
WIZ,3,A0A669KAV7,parse_error,N/A,N/A,0,0.0,NO_CONFIDENT_MATCH,
WIZ （ZF7）,1,NO_RESULT,NO_RESULT,,,0,0.0,API_ERROR,
WIZ （ZF7）,2,NO_RESULT,NO_RESULT,,,0,0.0,API_ERROR,
WIZ （ZF7）,3,NO_RESULT,NO_RESULT,,,0,0.0,API_ERROR,
Xylella fastidiosa,1,B2IAD9,N/A,,Xylella fastidiosa (strain M23),2504,9.523809523809524,NO_CONFIDENT_MATCH,
Xylella fastidiosa,2,F3KZI5,N/A,,Aequoribacter fuscus,608,9.523809523809524,NO_CONFIDENT_MATCH,
Xylella fastidiosa,3,A0A0S2FBZ1,N/A,,Lysobacter antibioticus,2242,9.523809523809524,NO_CONFIDENT_MATCH,
YAP,1,P46938,parse_error,N/A,N/A,0,14.28571428571429,NO_CONFIDENT_MATCH,
YAP,2,Q2EJA0,parse_error,N/A,N/A,0,14.28571428571429,NO_CONFIDENT_MATCH,
YAP,3,Q19404,parse_error,N/A,N/A,0,14.28571428571429,NO_CONFIDENT_MATCH,
ZBTB11,1,A0A2I3T2C9,ZBTB11,,Pan troglodytes,864,100.0,AMBIGUOUS_MULTI_ORGANISM,
ZBTB11,2,O95625,parse_error,N/A,N/A,0,0.0,AMBIGUOUS_MULTI_ORGANISM,
ZBTB11,3,G5E8B9,parse_error,N/A,N/A,0,0.0,AMBIGUOUS_MULTI_ORGANISM,
ZBTB16,1,Q05516,parse_error,N/A,N/A,0,0.0,NO_CONFIDENT_MATCH,
ZBTB16,2,Q802Y8,parse_error,N/A,N/A,0,0.0,NO_CONFIDENT_MATCH,
ZBTB16,3,A0A6D2WRU1,parse_error,N/A,N/A,0,0.0,NO_CONFIDENT_MATCH,
ZEB1,1,P37275,parse_error,N/A,N/A,0,13.33333333333333,NO_CONFIDENT_MATCH,
ZEB1,2,Q62947,parse_error,N/A,N/A,0,13.33333333333333,NO_CONFIDENT_MATCH,
ZEB1,3,Q64318,parse_error,N/A,N/A,0,13.33333333333333,NO_CONFIDENT_MATCH,
c-Met,1,P08581,parse_error,N/A,N/A,0,12.5,NO_CONFIDENT_MATCH,
c-Met,2,P16056,parse_error,N/A,N/A,0,12.5,NO_CONFIDENT_MATCH,
c-Met,3,Q769I5,parse_error,N/A,N/A,0,12.5,NO_CONFIDENT_MATCH,
cell,1,Q8TF63,parse_error,N/A,N/A,0,13.33333333333333,NO_CONFIDENT_MATCH,
cell,2,Q05084,parse_error,N/A,N/A,0,13.33333333333333,NO_CONFIDENT_MATCH,
cell,3,Q6UY09,parse_error,N/A,N/A,0,13.33333333333333,NO_CONFIDENT_MATCH,
crDNMT1-3,1,NO_RESULT,NO_RESULT,,,0,0.0,API_ERROR,
crDNMT1-3,2,NO_RESULT,NO_RESULT,,,0,0.0,API_ERROR,
crDNMT1-3,3,NO_RESULT,NO_RESULT,,,0,0.0,API_ERROR,
crFANCF-2,1,NO_RESULT,NO_RESULT,,,0,0.0,API_ERROR,
crFANCF-2,2,NO_RESULT,NO_RESULT,,,0,0.0,API_ERROR,
crFANCF-2,3,NO_RESULT,NO_RESULT,,,0,0.0,API_ERROR,
cyclin K,1,O75909,parse_error,N/A,N/A,0,0.0,NO_CONFIDENT_MATCH,
cyclin K,2,O88874,parse_error,N/A,N/A,0,0.0,NO_CONFIDENT_MATCH,
cyclin K,3,F1QMB9,parse_error,N/A,N/A,0,0.0,NO_CONFIDENT_MATCH,
eEF2K,1,O00418,parse_error,N/A,N/A,0,25.0,NO_CONFIDENT_MATCH,
eEF2K,2,P70531,parse_error,N/A,N/A,0,25.0,NO_CONFIDENT_MATCH,
eEF2K,3,O08796,parse_error,N/A,N/A,0,25.0,NO_CONFIDENT_MATCH,
f-AR,1,N/A,N/A,N/A,N/A,N/A,0.0,API_ERROR,"('Connection aborted.', RemoteDisconnected('Remote end closed connection without response'))"
f-AR,2,NO_RESULT,NO_RESULT,,,0,0.0,API_ERROR,
f-AR,3,NO_RESULT,NO_RESULT,,,0,0.0,API_ERROR,
gp24,1,N/A,N/A,N/A,N/A,N/A,0.0,API_ERROR,"HTTPSConnectionPool(host='rest.uniprot.org', port=443): Max retries exceeded with url: /uniprotkb/search?query=protein_name%3A%22gp24%22+OR+gene%3A%22gp24%22&format=json&size=5&fields=accession%2Cprotein_name%2Cgene_names%2Corganism_name%2Csequence (Caused by SSLError(SSLZeroReturnError(6, 'TLS/SSL connection has been closed (EOF) (_ssl.c:1028)')))"
gp24,2,NO_RESULT,NO_RESULT,,,0,0.0,API_ERROR,
gp24,3,NO_RESULT,NO_RESULT,,,0,0.0,API_ERROR,
gspt1,1,N/A,N/A,N/A,N/A,N/A,0.0,API_ERROR,"HTTPSConnectionPool(host='rest.uniprot.org', port=443): Read timed out. (read timeout=30)"
gspt1,2,NO_RESULT,NO_RESULT,,,0,0.0,API_ERROR,
gspt1,3,NO_RESULT,NO_RESULT,,,0,0.0,API_ERROR,
mfn1/2,1,N/A,N/A,N/A,N/A,N/A,0.0,API_ERROR,"HTTPSConnectionPool(host='rest.uniprot.org', port=443): Read timed out. (read timeout=30)"
mfn1/2,2,NO_RESULT,NO_RESULT,,,0,0.0,API_ERROR,
mfn1/2,3,NO_RESULT,NO_RESULT,,,0,0.0,API_ERROR,
p-Met,1,N/A,N/A,N/A,N/A,N/A,0.0,API_ERROR,"HTTPSConnectionPool(host='rest.uniprot.org', port=443): Max retries exceeded with url: /uniprotkb/search?query=protein_name%3A%22p-Met%22+OR+gene%3A%22p-Met%22&format=json&size=5&fields=accession%2Cprotein_name%2Cgene_names%2Corganism_name%2Csequence (Caused by SSLError(SSLZeroReturnError(6, 'TLS/SSL connection has been closed (EOF) (_ssl.c:1028)')))"
p-Met,2,NO_RESULT,NO_RESULT,,,0,0.0,API_ERROR,
p-Met,3,NO_RESULT,NO_RESULT,,,0,0.0,API_ERROR,
p300,1,N/A,N/A,N/A,N/A,N/A,0.0,API_ERROR,"HTTPSConnectionPool(host='rest.uniprot.org', port=443): Read timed out. (read timeout=30)"
p300,2,NO_RESULT,NO_RESULT,,,0,0.0,API_ERROR,
p300,3,NO_RESULT,NO_RESULT,,,0,0.0,API_ERROR,
p53,1,N/A,N/A,N/A,N/A,N/A,0.0,API_ERROR,"HTTPSConnectionPool(host='rest.uniprot.org', port=443): Max retries exceeded with url: /uniprotkb/search?query=protein_name%3A%22p53%22+OR+gene%3A%22p53%22&format=json&size=5&fields=accession%2Cprotein_name%2Cgene_names%2Corganism_name%2Csequence (Caused by SSLError(SSLEOFError(8, '[SSL: UNEXPECTED_EOF_WHILE_READING] EOF occurred in violation of protocol (_ssl.c:1028)')))"
p53,2,NO_RESULT,NO_RESULT,,,0,0.0,API_ERROR,
p53,3,NO_RESULT,NO_RESULT,,,0,0.0,API_ERROR,
pSer33/Ser37 β-catenin:β-TrCP interaction,1,N/A,N/A,N/A,N/A,N/A,0.0,API_ERROR,"HTTPSConnectionPool(host='rest.uniprot.org', port=443): Read timed out. (read timeout=30)"
pSer33/Ser37 β-catenin:β-TrCP interaction,2,NO_RESULT,NO_RESULT,,,0,0.0,API_ERROR,
pSer33/Ser37 β-catenin:β-TrCP interaction,3,NO_RESULT,NO_RESULT,,,0,0.0,API_ERROR,
parkin,1,Q7KTX7,parse_error,N/A,N/A,0,35.29411764705882,NO_CONFIDENT_MATCH,
parkin,2,E0VIU9,parse_error,N/A,N/A,0,35.29411764705882,NO_CONFIDENT_MATCH,
parkin,3,O60260,parse_error,N/A,N/A,0,35.29411764705882,NO_CONFIDENT_MATCH,
secPDL1-H,1,NO_RESULT,NO_RESULT,,,0,0.0,API_ERROR,
secPDL1-H,2,NO_RESULT,NO_RESULT,,,0,0.0,API_ERROR,
secPDL1-H,3,NO_RESULT,NO_RESULT,,,0,0.0,API_ERROR,
α-Tubulin,1,P68366,parse_error,N/A,N/A,0,0.0,NO_CONFIDENT_MATCH,
α-Tubulin,2,P0DPH7,parse_error,N/A,N/A,0,0.0,NO_CONFIDENT_MATCH,
α-Tubulin,3,P0DPH8,parse_error,N/A,N/A,0,0.0,NO_CONFIDENT_MATCH,
植物蛋白,1,NO_RESULT,NO_RESULT,,,0,0.0,API_ERROR,
植物蛋白,2,NO_RESULT,NO_RESULT,,,0,0.0,API_ERROR,
植物蛋白,3,NO_RESULT,NO_RESULT,,,0,0.0,API_ERROR,
