Reference,PMID,Title,Authors,Citation,First Author,Journal/Book,Publication Year,Create Date,PMCID,Link,DOI
1,20229546,"Adhesion effects of a guanidinium ion appended dendritic ""molecular glue"" on the ATP-driven sliding motion of actomyosin","Okuro K, Kinbara K, Takeda K, Inoue Y, Ishijima A, Aida T.",Angew Chem Int Ed Engl. 2010 Apr 12;49(17):3030-3. doi: 10.1002/anie.200906139.,Okuro K,Angew Chem Int Ed Engl,2010,2010-03-16,,https://doi.org/10.1002/anie.200906139,10.1002/anie.200906139
2,20505777,The role of Phe82 and Phe351 in auxin-induced substrate perception by TIR1 ubiquitin ligase: a novel insight from molecular dynamics simulations,"Hao GF, Yang GF.",PLoS One. 2010 May 20;5(5):e10742. doi: 10.1371/journal.pone.0010742.,Hao GF,PLoS One,2010,2010-05-28,PMC2873998,https://doi.org/10.1371/journal.pone.0010742,10.1371/journal.pone.0010742
3,25847243,Baicalin inhibits the lethality of ricin in mice by inducing protein oligomerization,"Dong J, Zhang Y, Chen Y, Niu X, Zhang Y, Li R, Yang C, Wang Q, Li X, Deng X.",J Biol Chem. 2015 May 15;290(20):12899-907. doi: 10.1074/jbc.M114.632828. Epub 2015 Apr 5.,Dong J,J Biol Chem,2015,2015-04-08,PMC4432304,https://doi.org/10.1074/jbc.M114.632828,10.1074/jbc.M114.632828
4,30926793,Prospective discovery of small molecule enhancers of an E3 ligase-substrate interaction,"Simonetta KR, Taygerly J, Boyle K, Basham SE, Padovani C, Lou Y, Cummins TJ, Yung SL, von Soly SK, Kayser F, Kuriyan J, Rape M, Cardozo M, Gallop MA, Bence NF, Barsanti PA, Saha A.",Nat Commun. 2019 Mar 29;10(1):1402. doi: 10.1038/s41467-019-09358-9.,Simonetta KR,Nat Commun,2019,2019-03-31,PMC6441019,https://doi.org/10.1038/s41467-019-09358-9,10.1038/s41467-019-09358-9
5,30977371,Molecular Glue that Spatiotemporally Turns on Protein-Protein Interactions,"Mogaki R, Okuro K, Ueki R, Sando S, Aida T.",J Am Chem Soc. 2019 May 22;141(20):8035-8040. doi: 10.1021/jacs.9b02427. Epub 2019 Apr 18.,Mogaki R,J Am Chem Soc,2019,2019-04-13,,https://doi.org/10.1021/jacs.9b02427,10.1021/jacs.9b02427
6,31560543,Simple Structural Modifications Converting a Bona fide MDM2 PROTAC Degrader into a Molecular Glue Molecule: A Cautionary Tale in the Design of PROTAC Degraders,"Yang J, Li Y, Aguilar A, Liu Z, Yang CY, Wang S.",J Med Chem. 2019 Nov 14;62(21):9471-9487. doi: 10.1021/acs.jmedchem.9b00846. Epub 2019 Oct 21.,Yang J,J Med Chem,2019,2019-09-28,PMC7354697,https://doi.org/10.1021/acs.jmedchem.9b00846,10.1021/acs.jmedchem.9b00846
7,31686031,Structural complementarity facilitates E7820-mediated degradation of RBM39 by DCAF15,"Faust TB, Yoon H, Nowak RP, Donovan KA, Li Z, Cai Q, Eleuteri NA, Zhang T, Gray NS, Fischer ES.",Nat Chem Biol. 2020 Jan;16(1):7-14. doi: 10.1038/s41589-019-0378-3. Epub 2019 Nov 4.,Faust TB,Nat Chem Biol,2020,2019-11-06,PMC6917914,https://doi.org/10.1038/s41589-019-0378-3,10.1038/s41589-019-0378-3
8,31699609,An isoform-selective inhibitor of tropomyosin receptor kinase A behaves as molecular glue,"Furuya N, Momose T, Katsuno K, Fushimi N, Muranaka H, Handa C, Sawa M, Ozawa T, Kinoshita T.",Bioorg Med Chem Lett. 2020 Jan 1;30(1):126775. doi: 10.1016/j.bmcl.2019.126775. Epub 2019 Oct 28.,Furuya N,Bioorg Med Chem Lett,2020,2019-11-09,,https://doi.org/10.1016/j.bmcl.2019.126775,10.1016/j.bmcl.2019.126775
9,32494016,The CDK inhibitor CR8 acts as a molecular glue degrader that depletes cyclin K,"Słabicki M, Kozicka Z, Petzold G, Li YD, Manojkumar M, Bunker RD, Donovan KA, Sievers QL, Koeppel J, Suchyta D, Sperling AS, Fink EC, Gasser JA, Wang LR, Corsello SM, Sellar RS, Jan M, Gillingham D, Scholl C, Fröhling S, Golub TR, Fischer ES, Thomä NH, Ebert BL.",Nature. 2020 Sep;585(7824):293-297. doi: 10.1038/s41586-020-2374-x. Epub 2020 Jun 3.,Słabicki M,Nature,2020,2020-06-05,PMC7486275,https://doi.org/10.1038/s41586-020-2374-x,10.1038/s41586-020-2374-x
10,32572277,Manumycin polyketides act as molecular glues between UBR7 and P53,"Isobe Y, Okumura M, McGregor LM, Brittain SM, Jones MD, Liang X, White R, Forrester W, McKenna JM, Tallarico JA, Schirle M, Maimone TJ, Nomura DK.",Nat Chem Biol. 2020 Nov;16(11):1189-1198. doi: 10.1038/s41589-020-0557-2. Epub 2020 Jun 22.,Isobe Y,Nat Chem Biol,2020,2020-06-24,PMC7572527,https://doi.org/10.1038/s41589-020-0557-2,10.1038/s41589-020-0557-2
11,32690941,Structural insights into probe-dependent positive allosterism of the GLP-1 receptor,"Bueno AB, Sun B, Willard FS, Feng D, Ho JD, Wainscott DB, Showalter AD, Vieth M, Chen Q, Stutsman C, Chau B, Ficorilli J, Agejas FJ, Cumming GR, Jiménez A, Rojo I, Kobilka TS, Kobilka BK, Sloop KW.",Nat Chem Biol. 2020 Oct;16(10):1105-1110. doi: 10.1038/s41589-020-0589-7. Epub 2020 Jul 20.,Bueno AB,Nat Chem Biol,2020,2020-07-22,,https://doi.org/10.1038/s41589-020-0589-7,10.1038/s41589-020-0589-7
12,32747809,Rational discovery of molecular glue degraders via scalable chemical profiling,"Mayor-Ruiz C, Bauer S, Brand M, Kozicka Z, Siklos M, Imrichova H, Kaltheuner IH, Hahn E, Seiler K, Koren A, Petzold G, Fellner M, Bock C, Müller AC, Zuber J, Geyer M, Thomä NH, Kubicek S, Winter GE.",Nat Chem Biol. 2020 Nov;16(11):1199-1207. doi: 10.1038/s41589-020-0594-x. Epub 2020 Aug 3.,Mayor-Ruiz C,Nat Chem Biol,2020,2020-08-05,PMC7116640,https://doi.org/10.1038/s41589-020-0594-x,10.1038/s41589-020-0594-x
13,32804079,Discovery of a molecular glue promoting CDK12-DDB1 interaction to trigger cyclin K degradation,"Lv L, Chen P, Cao L, Li Y, Zeng Z, Cui Y, Wu Q, Li J, Wang JH, Dong MQ, Qi X, Han T.",Elife. 2020 Aug 17;9:e59994. doi: 10.7554/eLife.59994.,Lv L,Elife,2020,2020-08-18,PMC7462607,https://doi.org/10.7554/eLife.59994,10.7554/eLife.59994
14,32990304,Xanthophyll carotenoids stabilise the association of cyanobacterial chlorophyll synthase with the LHC-like protein HliD,"Proctor MS, Pazderník M, Jackson PJ, Pilný J, Martin EC, Dickman MJ, Canniffe DP, Johnson MP, Hunter CN, Sobotka R, Hitchcock A.",Biochem J. 2020 Oct 30;477(20):4021-4036. doi: 10.1042/BCJ20200561.,Proctor MS,Biochem J,2020,2020-09-29,,https://doi.org/10.1042/BCJ20200561,10.1042/BCJ20200561
15,33197925,"CC-90009, a novel cereblon E3 ligase modulator, targets acute myeloid leukemia blasts and leukemia stem cells","Surka C, Jin L, Mbong N, Lu CC, Jang IS, Rychak E, Mendy D, Clayton T, Tindall E, Hsu C, Fontanillo C, Tran E, Contreras A, Ng SWK, Matyskiela M, Wang K, Chamberlain P, Cathers B, Carmichael J, Hansen J, Wang JCY, Minden MD, Fan J, Pierce DW, Pourdehnad M, Rolfe M, Lopez-Girona A, Dick JE, Lu G.",Blood. 2021 Feb 4;137(5):661-677. doi: 10.1182/blood.2020008676.,Surka C,Blood,2021,2020-11-16,PMC8215192,https://doi.org/10.1182/blood.2020008676,10.1182/blood.2020008676
16,33206504,Cereblon Modulators Target ZBTB16 and Its Oncogenic Fusion Partners for Degradation via Distinct Structural Degrons,"Matyskiela ME, Zhu J, Baughman JM, Clayton T, Slade M, Wong HK, Danga K, Zheng X, Labow M, LeBrun L, Lu G, Chamberlain PP, Thompson JW.",ACS Chem Biol. 2020 Dec 18;15(12):3149-3158. doi: 10.1021/acschembio.0c00674. Epub 2020 Nov 18.,Matyskiela ME,ACS Chem Biol,2020,2020-11-18,,https://doi.org/10.1021/acschembio.0c00674,10.1021/acschembio.0c00674
17,33326750,Hypomorph mutation-directed small-molecule protein-protein interaction inducers to restore mutant SMAD4-suppressed TGF-β signaling,"Tang C, Mo X, Niu Q, Wahafu A, Yang X, Qui M, Ivanov AA, Du Y, Fu H.",Cell Chem Biol. 2021 May 20;28(5):636-647.e5. doi: 10.1016/j.chembiol.2020.11.010. Epub 2020 Dec 15.,Tang C,Cell Chem Biol,2021,2020-12-16,PMC10053325,https://doi.org/10.1016/j.chembiol.2020.11.010,10.1016/j.chembiol.2020.11.010
18,33387654,Biophysical and structural investigation of the regulation of human GTP cyclohydrolase I by its regulatory protein GFRP,"Ebenhoch R, Bauer M, Reinert D, Kersting A, Huber S, Schmid A, Hinz I, Feiler M, Müller K, Nar H.",J Struct Biol. 2021 Mar;213(1):107691. doi: 10.1016/j.jsb.2020.107691. Epub 2020 Dec 31.,Ebenhoch R,J Struct Biol,2021,2021-01-02,,https://doi.org/10.1016/j.jsb.2020.107691,10.1016/j.jsb.2020.107691
19,33417864,The Rise of Molecular Glues,Schreiber SL.,Cell. 2021 Jan 7;184(1):3-9. doi: 10.1016/j.cell.2020.12.020.,Schreiber SL,Cell,2021,2021-01-08,,https://doi.org/10.1016/j.cell.2020.12.020,10.1016/j.cell.2020.12.020
20,33676183,Cereblon modulator CC-885 induces CRBN-dependent ubiquitination and degradation of CDK4 in multiple myeloma,"Zhao M, Hu M, Chen Y, Liu H, Chen Y, Liu B, Fang B.",Biochem Biophys Res Commun. 2021 Apr 16;549:150-156. doi: 10.1016/j.bbrc.2021.02.110. Epub 2021 Mar 3.,Zhao M,Biochem Biophys Res Commun,2021,2021-03-06,,https://doi.org/10.1016/j.bbrc.2021.02.110,10.1016/j.bbrc.2021.02.110
21,33862513,Development of MDM2 degraders based on ligands derived from Ugi reactions: Lessons and discoveries,"Wang B, Liu J, Tandon I, Wu S, Teng P, Liao J, Tang W.",Eur J Med Chem. 2021 Jul 5;219:113425. doi: 10.1016/j.ejmech.2021.113425. Epub 2021 Apr 4.,Wang B,Eur J Med Chem,2021,2021-04-16,PMC8165035,https://doi.org/10.1016/j.ejmech.2021.113425,10.1016/j.ejmech.2021.113425
22,34047554,Reversible Covalent Imine-Tethering for Selective Stabilization of 14-3-3 Hub Protein Interactions,"Cossar PJ, Wolter M, van Dijck L, Valenti D, Levy LM, Ottmann C, Brunsveld L.",J Am Chem Soc. 2021 Jun 9;143(22):8454-8464. doi: 10.1021/jacs.1c03035. Epub 2021 May 28.,Cossar PJ,J Am Chem Soc,2021,2021-05-28,PMC8193639,https://doi.org/10.1021/jacs.1c03035,10.1021/jacs.1c03035
23,34076416,An Exploration of Chemical Properties Required for Cooperative Stabilization of the 14-3-3 Interaction with NF-κB-Utilizing a Reversible Covalent Tethering Approach,"Wolter M, Valenti D, Cossar PJ, Hristeva S, Levy LM, Genski T, Hoffmann T, Brunsveld L, Tzalis D, Ottmann C.",J Med Chem. 2021 Jun 24;64(12):8423-8436. doi: 10.1021/acs.jmedchem.1c00401. Epub 2021 Jun 2.,Wolter M,J Med Chem,2021,2021-06-02,PMC8237268,https://doi.org/10.1021/acs.jmedchem.1c00401,10.1021/acs.jmedchem.1c00401
24,34136078,Exploration of a 14-3-3 PPI Pocket by Covalent Fragments as Stabilizers,"Sijbesma E, Hallenbeck KK, Andrei SA, Rust RR, Adriaans JMC, Brunsveld L, Arkin MR, Ottmann C.",ACS Med Chem Lett. 2021 May 10;12(6):976-982. doi: 10.1021/acsmedchemlett.1c00088. eCollection 2021 Jun 10.,Sijbesma E,ACS Med Chem Lett,2021,2021-06-17,PMC8201753,https://doi.org/10.1021/acsmedchemlett.1c00088,10.1021/acsmedchemlett.1c00088
25,34289372,Degradation of CCNK/CDK12 is a druggable vulnerability of colorectal cancer,"Dieter SM, Siegl C, Codó PL, Huerta M, Ostermann-Parucha AL, Schulz E, Zowada MK, Martin S, Laaber K, Nowrouzi A, Blatter M, Kreth S, Westermann F, Benner A, Uhrig U, Putzker K, Lewis J, Haegebarth A, Mumberg D, Holton SJ, Weiske J, Toepper LM, Scheib U, Siemeister G, Ball CR, Kuster B, Stoehr G, Hahne H, Johannes S, Lange M, Herbst F, Glimm H.",Cell Rep. 2021 Jul 20;36(3):109394. doi: 10.1016/j.celrep.2021.109394.,Dieter SM,Cell Rep,2021,2021-07-21,,https://doi.org/10.1016/j.celrep.2021.109394,10.1016/j.celrep.2021.109394
26,34378936,Folate-Guided Protein Degradation by Immunomodulatory Imide Drug-Based Molecular Glues and Proteolysis Targeting Chimeras,"Chen H, Liu J, Kaniskan HÜ, Wei W, Jin J.",J Med Chem. 2021 Aug 26;64(16):12273-12285. doi: 10.1021/acs.jmedchem.1c00901. Epub 2021 Aug 11.,Chen H,J Med Chem,2021,2021-08-11,PMC8409242,https://doi.org/10.1021/acs.jmedchem.1c00901,10.1021/acs.jmedchem.1c00901
27,34417569,Merging PROTAC and molecular glue for degrading BTK and GSPT1 proteins concurrently,"Yang Z, Sun Y, Ni Z, Yang C, Tong Y, Liu Y, Li H, Rao Y.",Cell Res. 2021 Dec;31(12):1315-1318. doi: 10.1038/s41422-021-00533-6. Epub 2021 Aug 20.,Yang Z,Cell Res,2021,2021-08-21,PMC8648895,https://doi.org/10.1038/s41422-021-00533-6,10.1038/s41422-021-00533-6
28,34562363,Structural basis and regulation of the reductive stress response,"Manford AG, Mena EL, Shih KY, Gee CL, McMinimy R, Martínez-González B, Sherriff R, Lew B, Zoltek M, Rodríguez-Pérez F, Woldesenbet M, Kuriyan J, Rape M.",Cell. 2021 Oct 14;184(21):5375-5390.e16. doi: 10.1016/j.cell.2021.09.002. Epub 2021 Sep 24.,Manford AG,Cell,2021,2021-09-25,PMC8810291,https://doi.org/10.1016/j.cell.2021.09.002,10.1016/j.cell.2021.09.002
29,34705497,Identification and optimization of molecular glue compounds that inhibit a noncovalent E2 enzyme-ubiquitin complex,"St-Cyr D, Ceccarelli DF, Orlicky S, van der Sloot AM, Tang X, Kelso S, Moore S, James C, Posternak G, Coulombe-Huntington J, Bertomeu T, Marinier A, Sicheri F, Tyers M.",Sci Adv. 2021 Oct 29;7(44):eabi5797. doi: 10.1126/sciadv.abi5797. Epub 2021 Oct 27.,St-Cyr D,Sci Adv,2021,2021-10-27,PMC10763754,https://doi.org/10.1126/sciadv.abi5797,10.1126/sciadv.abi5797
30,34745529,Cooperative stabilisation of 14-3-3σ protein-protein interactions via covalent protein modification,"Falcicchio M, Ward JA, Chothia SY, Basran J, Mohindra A, Macip S, Roversi P, Doveston RG.",Chem Sci. 2021 Sep 6;12(39):12985-12992. doi: 10.1039/d1sc02120f. eCollection 2021 Oct 13.,Falcicchio M,Chem Sci,2021,2021-11-08,PMC8513901,https://doi.org/10.1039/d1sc02120f,10.1039/d1sc02120f
31,35604033,"FL118, acting as a 'molecular glue degrader', binds to dephosphorylates and degrades the oncoprotein DDX5 (p68) to control c-Myc, survivin and mutant Kras against colorectal and pancreatic cancer with high efficacy","Ling X, Wu W, Aljahdali IAM, Liao J, Santha S, Fountzilas C, Boland PM, Li F.",Clin Transl Med. 2022 May;12(5):e881. doi: 10.1002/ctm2.881.,Ling X,Clin Transl Med,2022,2022-05-23,PMC9126027,https://doi.org/10.1002/ctm2.881,10.1002/ctm2.881
32,35653645,Improved Binding Affinity and Pharmacokinetics Enable Sustained Degradation of BCL6 In Vivo,"Huckvale R, Harnden AC, Cheung KJ, Pierrat OA, Talbot R, Box GM, Henley AT, de Haven Brandon AK, Hallsworth AE, Bright MD, Akpinar HA, Miller DSJ, Tarantino D, Gowan S, Hayes A, Gunnell EA, Brennan A, Davis OA, Johnson LD, de Klerk S, McAndrew C, Le Bihan YV, Meniconi M, Burke R, Kirkin V, van Montfort RLM, Raynaud FI, Rossanese OW, Bellenie BR, Hoelder S.",J Med Chem. 2022 Jun 23;65(12):8191-8207. doi: 10.1021/acs.jmedchem.1c02175. Epub 2022 Jun 2.,Huckvale R,J Med Chem,2022,2022-06-02,PMC9234961,https://doi.org/10.1021/acs.jmedchem.1c02175,10.1021/acs.jmedchem.1c02175
33,35717803,Structure-activity relationship analysis of novel GSPT1 degraders based on benzotriazinone scaffold and its antitumor effect on xenograft mouse model,"Takwale AD, Kim EY, Jang Y, Lee DH, Kim S, Choi Y, Kim JH, Lee DY, Kim Y, Lee SM, Lee HK, Nam HJ, Lee JY, Cho JH, Moon JH, Lee GS, Kim JH, Kim P, Park CH, Hwang JY.",Bioorg Chem. 2022 Oct;127:105923. doi: 10.1016/j.bioorg.2022.105923. Epub 2022 Jun 13.,Takwale AD,Bioorg Chem,2022,2022-06-19,,https://doi.org/10.1016/j.bioorg.2022.105923,10.1016/j.bioorg.2022.105923
34,35749742,"3,5,7-Substituted Pyrazolo[4,3-d]Pyrimidine Inhibitors of Cyclin-Dependent Kinases and Cyclin K Degraders","Jorda R, Havlíček L, Peřina M, Vojáčková V, Pospíšil T, Djukic S, Škerlová J, Grúz J, Renešová N, Klener P, Řezáčová P, Strnad M, Kryštof V.",J Med Chem. 2022 Jul 14;65(13):8881-8896. doi: 10.1021/acs.jmedchem.1c02184. Epub 2022 Jun 24.,Jorda R,J Med Chem,2022,2022-06-24,,https://doi.org/10.1021/acs.jmedchem.1c02184,10.1021/acs.jmedchem.1c02184
35,35856839,Molecular Glues: The Adhesive Connecting Targeted Protein Degradation to the Clinic,"Sasso JM, Tenchov R, Wang D, Johnson LS, Wang X, Zhou QA.",Biochemistry. 2023 Feb 7;62(3):601-623. doi: 10.1021/acs.biochem.2c00245. Epub 2022 Jul 20.,Sasso JM,Biochemistry,2023,2022-07-20,PMC9910052,https://doi.org/10.1021/acs.biochem.2c00245,10.1021/acs.biochem.2c00245
36,35978691,SJPYT-195: A Designed Nuclear Receptor Degrader That Functions as a Molecular Glue Degrader of GSPT1,"Huber AD, Li Y, Lin W, Galbraith AN, Mishra A, Porter SN, Wu J, Florke Gee RR, Zhuang W, Pruett-Miller SM, Peng J, Chen T.",ACS Med Chem Lett. 2022 Jul 15;13(8):1311-1320. doi: 10.1021/acsmedchemlett.2c00223. eCollection 2022 Aug 11.,Huber AD,ACS Med Chem Lett,2022,2022-08-18,PMC9377019,https://doi.org/10.1021/acsmedchemlett.2c00223,10.1021/acsmedchemlett.2c00223
37,36007246,Redirecting the Neo-Substrate Specificity of Cereblon-Targeting PROTACs to Helios,"Verano AL, You I, Donovan KA, Mageed N, Yue H, Nowak RP, Fischer ES, Wang ES, Gray NS.",ACS Chem Biol. 2022 Sep 16;17(9):2404-2410. doi: 10.1021/acschembio.2c00439. Epub 2022 Aug 25.,Verano AL,ACS Chem Biol,2022,2022-08-25,,https://doi.org/10.1021/acschembio.2c00439,10.1021/acschembio.2c00439
38,36012359,UDP-Glucose: A Cereblon-Dependent Glucokinase Protein Degrader,"Cho J, Miyagawa A, Yamaguchi K, Abe W, Tsugawa Y, Yamamura H, Imai T.",Int J Mol Sci. 2022 Aug 13;23(16):9094. doi: 10.3390/ijms23169094.,Cho J,Int J Mol Sci,2022,2022-08-26,PMC9409010,https://doi.org/10.3390/ijms23169094,10.3390/ijms23169094
39,36375317,Atypical E3 ligase ZFP91 promotes small-molecule-induced E2F2 transcription factor degradation for cancer therapy,"Liu TT, Yang H, Zhuo FF, Yang Z, Zhao MM, Guo Q, Liu Y, Liu D, Zeng KW, Tu PF.",EBioMedicine. 2022 Dec;86:104353. doi: 10.1016/j.ebiom.2022.104353. Epub 2022 Nov 11.,Liu TT,EBioMedicine,2022,2022-11-14,PMC9667253,https://doi.org/10.1016/j.ebiom.2022.104353,10.1016/j.ebiom.2022.104353
40,36577036,"Physachenolide C is a Potent, Selective BET Inhibitor","Zerio CJ, Sivinski J, Wijeratne EMK, Xu YM, Ngo DT, Ambrose AJ, Villa-Celis L, Ghadirian N, Clarkson MW, Zhang DD, Horton NC, Gunatilaka AAL, Fromme R, Chapman E.",J Med Chem. 2023 Jan 12;66(1):913-933. doi: 10.1021/acs.jmedchem.2c01770. Epub 2022 Dec 28.,Zerio CJ,J Med Chem,2023,2022-12-28,,https://doi.org/10.1021/acs.jmedchem.2c01770,10.1021/acs.jmedchem.2c01770
41,36602777,E3-Specific Degrader Discovery by Dynamic Tracing of Substrate Receptor Abundance,"Hanzl A, Barone E, Bauer S, Yue H, Nowak RP, Hahn E, Pankevich EV, Koren A, Kubicek S, Fischer ES, Winter GE.",J Am Chem Soc. 2023 Jan 18;145(2):1176-1184. doi: 10.1021/jacs.2c10784. Epub 2023 Jan 5.,Hanzl A,J Am Chem Soc,2023,2023-01-05,PMC9853857,https://doi.org/10.1021/jacs.2c10784,10.1021/jacs.2c10784
42,36656921,CRISPR Screen Reveals BRD2/4 Molecular Glue-like Degrader via Recruitment of DCAF16,"Shergalis AG, Marin VL, Rhee DY, Senaweera S, McCloud RL, Ronau JA, Hutchins CW, McLoughlin S, Woller KR, Warder SE, Vasudevan A, Reitsma JM.",ACS Chem Biol. 2023 Feb 17;18(2):331-339. doi: 10.1021/acschembio.2c00747. Epub 2023 Jan 19.,Shergalis AG,ACS Chem Biol,2023,2023-01-19,,https://doi.org/10.1021/acschembio.2c00747,10.1021/acschembio.2c00747
43,36744954,The Drug-Induced Interface That Drives HIV-1 Integrase Hypermultimerization and Loss of Function,"Singer MR, Dinh T, Levintov L, Annamalai AS, Rey JS, Briganti L, Cook NJ, Pye VE, Taylor IA, Kim K, Engelman AN, Kim B, Perilla JR, Kvaratskhelia M, Cherepanov P.",mBio. 2023 Feb 28;14(1):e0356022. doi: 10.1128/mbio.03560-22. Epub 2023 Feb 6.,Singer MR,mBio,2023,2023-02-06,PMC9973045,https://doi.org/10.1128/mbio.03560-22,10.1128/mbio.03560-22
44,36805336,The aryl sulfonamide indisulam inhibits gastric cancer cell migration by promoting the ubiquitination and degradation of the transcription factor ZEB1,"Lu J, Li D, Jiang H, Li Y, Lu C, Chen T, Wang Y, Wang X, Sun W, Pu Z, Qiao C, Ma J, Xu G.",J Biol Chem. 2023 Apr;299(4):103025. doi: 10.1016/j.jbc.2023.103025. Epub 2023 Feb 15.,Lu J,J Biol Chem,2023,2023-02-22,PMC10040736,https://doi.org/10.1016/j.jbc.2023.103025,10.1016/j.jbc.2023.103025
45,36824856,Template-assisted covalent modification of DCAF16 underlies activity of BRD4 molecular glue degraders,"Li YD, Ma MW, Hassan MM, Hunkeler M, Teng M, Puvar K, Lumpkin R, Sandoval B, Jin CY, Ficarro SB, Wang MY, Xu S, Groendyke BJ, Sigua LH, Tavares I, Zou C, Tsai JM, Park PMC, Yoon H, Majewski FC, Marto JA, Qi J, Nowak RP, Donovan KA, Słabicki M, Gray NS, Fischer ES, Ebert BL.",bioRxiv [Preprint]. 2023 Feb 15:2023.02.14.528208. doi: 10.1101/2023.02.14.528208.,Li YD,bioRxiv,2023,2023-02-24,PMC9949066,https://doi.org/10.1101/2023.02.14.528208,10.1101/2023.02.14.528208
46,36831540,Targeted Degradation of Androgen Receptor by VNPP433-3β in Castration-Resistant Prostate Cancer Cells Implicates Interaction with E3 Ligase MDM2 Resulting in Ubiquitin-Proteasomal Degradation,"Thomas E, Thankan RS, Purushottamachar P, Weber DJ, Njar VCO.",Cancers (Basel). 2023 Feb 14;15(4):1198. doi: 10.3390/cancers15041198.,Thomas E,Cancers (Basel),2023,2023-02-25,PMC9954018,https://doi.org/10.3390/cancers15041198,10.3390/cancers15041198
47,36863346,Discovery and characterization of a selective IKZF2 glue degrader for cancer immunotherapy,"Bonazzi S, d'Hennezel E, Beckwith REJ, Xu L, Fazal A, Magracheva A, Ramesh R, Cernijenko A, Antonakos B, Bhang HC, Caro RG, Cobb JS, Ornelas E, Ma X, Wartchow CA, Clifton MC, Forseth RR, Fortnam BH, Lu H, Csibi A, Tullai J, Carbonneau S, Thomsen NM, Larrow J, Chie-Leon B, Hainzl D, Gu Y, Lu D, Meyer MJ, Alexander D, Kinyamu-Akunda J, Sabatos-Peyton CA, Dales NA, Zécri FJ, Jain RK, Shulok J, Wang YK, Briner K, Porter JA, Tallarico JA, Engelman JA, Dranoff G, Bradner JE, Visser M, Solomon JM.",Cell Chem Biol. 2023 Mar 16;30(3):235-247.e12. doi: 10.1016/j.chembiol.2023.02.005. Epub 2023 Mar 1.,Bonazzi S,Cell Chem Biol,2023,2023-03-02,,https://doi.org/10.1016/j.chembiol.2023.02.005,10.1016/j.chembiol.2023.02.005
48,36176907,Molecular glues modulate protein functions by inducing protein aggregation: A promising therapeutic strategy of small molecules for disease treatment,"Wu H, Yao H, He C, Jia Y, Zhu Z, Xu S, Li D, Xu J.",Acta Pharm Sin B. 2022 Sep;12(9):3548-3566. doi: 10.1016/j.apsb.2022.03.019. Epub 2022 Mar 31.,Wu H,Acta Pharm Sin B,2022,2022-09-30,PMC9513498,https://doi.org/10.1016/j.apsb.2022.03.019,10.1016/j.apsb.2022.03.019
49,36898369,Chemoproteomics-enabled discovery of a covalent molecular glue degrader targeting NF-κB,"King EA, Cho Y, Hsu NS, Dovala D, McKenna JM, Tallarico JA, Schirle M, Nomura DK.",Cell Chem Biol. 2023 Apr 20;30(4):394-402.e9. doi: 10.1016/j.chembiol.2023.02.008. Epub 2023 Mar 9.,King EA,Cell Chem Biol,2023,2023-03-10,PMC10121878,https://doi.org/10.1016/j.chembiol.2023.02.008,10.1016/j.chembiol.2023.02.008
50,36908699,"Protein-protein interfaces in molecular glue-induced ternary complexes: classification, characterization, and prediction","Rui H, Ashton KS, Min J, Wang C, Potts PR.",RSC Chem Biol. 2023 Jan 3;4(3):192-215. doi: 10.1039/d2cb00207h. eCollection 2023 Mar 8.,Rui H,RSC Chem Biol,2023,2023-03-13,PMC9994104,https://doi.org/10.1039/d2cb00207h,10.1039/d2cb00207h
51,36895136,Novel approaches to targeted protein degradation technologies in drug discovery,"Xue Y, Bolinger AA, Zhou J.",Expert Opin Drug Discov. 2023 Apr;18(4):467-483. doi: 10.1080/17460441.2023.2187777. Epub 2023 Mar 9.,Xue Y,Expert Opin Drug Discov,2023,2023-03-10,PMC11089573,https://doi.org/10.1080/17460441.2023.2187777,10.1080/17460441.2023.2187777
52,36908700,Accessing three-branched high-affinity cereblon ligands for molecular glue and protein degrader design,"Kuchta R, Heim C, Herrmann A, Maiwald S, Ng YLD, Sosič I, Keuler T, Krönke J, Gütschow M, Hartmann MD, Steinebach C.",RSC Chem Biol. 2023 Jan 3;4(3):229-234. doi: 10.1039/d2cb00223j. eCollection 2023 Mar 8.,Kuchta R,RSC Chem Biol,2023,2023-03-13,PMC9994103,https://doi.org/10.1039/d2cb00223j,10.1039/d2cb00223j
53,36926879,Reversible Dual-Covalent Molecular Locking of the 14-3-3/ERRγ Protein-Protein Interaction as a Molecular Glue Drug Discovery Approach,"Somsen BA, Schellekens RJC, Verhoef CJA, Arkin MR, Ottmann C, Cossar PJ, Brunsveld L.",J Am Chem Soc. 2023 Mar 29;145(12):6741-6752. doi: 10.1021/jacs.2c12781. Epub 2023 Mar 16.,Somsen BA,J Am Chem Soc,2023,2023-03-17,PMC10064330,https://doi.org/10.1021/jacs.2c12781,10.1021/jacs.2c12781
54,36931248,Shining light on reprogramming Tregs for cancer therapy,"Wang ES, Gray NS.",Cell Chem Biol. 2023 Mar 16;30(3):231-233. doi: 10.1016/j.chembiol.2023.02.009.,Wang ES,Cell Chem Biol,2023,2023-03-17,,https://doi.org/10.1016/j.chembiol.2023.02.009,10.1016/j.chembiol.2023.02.009
55,36945568,A molecular glue approach to control the half-life of CRISPR-based technologies,"Sreekanth V, Jan M, Zhao KT, Lim D, Davis JR, McConkey M, Kovalcik V, Barkal S, Law BK, Fife J, Tian R, Vinyard ME, Becerra B, Kampmann M, Sherwood RI, Pinello L, Liu DR, Ebert BL, Choudhary A.",bioRxiv [Preprint]. 2023 Mar 20:2023.03.12.531757. doi: 10.1101/2023.03.12.531757.,Sreekanth V,bioRxiv,2023,2023-03-22,PMC10028966,https://doi.org/10.1101/2023.03.12.531757,10.1101/2023.03.12.531757
56,36970148,Structural rationalization of GSPT1 and IKZF1 degradation by thalidomide molecular glue derivatives,"Nowak RP, Che J, Ferrao S, Kong NR, Liu H, Zerfas BL, Jones LH.",RSC Med Chem. 2023 Jan 26;14(3):501-506. doi: 10.1039/d2md00347c. eCollection 2023 Mar 22.,Nowak RP,RSC Med Chem,2023,2023-03-27,PMC10034078,https://doi.org/10.1039/d2md00347c,10.1039/d2md00347c
57,37037192,On Ternary Complex Stability in Protein Degradation: In Silico Molecular Glue Binding Affinity Calculations,"Weiss DR, Bortolato A, Sun Y, Cai X, Lai C, Guo S, Shi L, Shanmugasundaram V.",J Chem Inf Model. 2023 Apr 24;63(8):2382-2392. doi: 10.1021/acs.jcim.2c01386. Epub 2023 Apr 10.,Weiss DR,J Chem Inf Model,2023,2023-04-10,,https://doi.org/10.1021/acs.jcim.2c01386,10.1021/acs.jcim.2c01386
58,37077378,Anagrelide: A Clinically Effective cAMP Phosphodiesterase 3A Inhibitor with Molecular Glue Properties,Meanwell NA.,ACS Med Chem Lett. 2023 Mar 28;14(4):350-361. doi: 10.1021/acsmedchemlett.3c00092. eCollection 2023 Apr 13.,Meanwell NA,ACS Med Chem Lett,2023,2023-04-20,PMC10108399,https://doi.org/10.1021/acsmedchemlett.3c00092,10.1021/acsmedchemlett.3c00092
59,37084663,Target proteins profiling of irreversible kinase inhibitor pelitinib and discovery of degradation of PRDX4 by label free chemoproteomics,"Li J, Zheng M, Xu Y, Yang X, Kang J.",J Pharm Biomed Anal. 2023 Jun 15;230:115398. doi: 10.1016/j.jpba.2023.115398. Epub 2023 Apr 18.,Li J,J Pharm Biomed Anal,2023,2023-04-21,,https://doi.org/10.1016/j.jpba.2023.115398,10.1016/j.jpba.2023.115398
60,37084716,A new avenue for molecular glues: Rapid discovery of a NFKB1 degrader,"Fan AT, Boyle BT, Ferguson FM.",Cell Chem Biol. 2023 Apr 20;30(4):340-342. doi: 10.1016/j.chembiol.2023.04.002.,Fan AT,Cell Chem Biol,2023,2023-04-21,,https://doi.org/10.1016/j.chembiol.2023.04.002,10.1016/j.chembiol.2023.04.002
61,37190019,A New Wave of Targeting 'Undruggable' Wnt Signaling for Cancer Therapy: Challenges and Opportunities,"Park WJ, Kim MJ.",Cells. 2023 Apr 8;12(8):1110. doi: 10.3390/cells12081110.,Park WJ,Cells,2023,2023-05-16,PMC10136927,https://doi.org/10.3390/cells12081110,10.3390/cells12081110
62,37252349,Rational Chemical Design of Molecular Glue Degraders,"Toriki ES, Papatzimas JW, Nishikawa K, Dovala D, Frank AO, Hesse MJ, Dankova D, Song JG, Bruce-Smythe M, Struble H, Garcia FJ, Brittain SM, Kile AC, McGregor LM, McKenna JM, Tallarico JA, Schirle M, Nomura DK.",ACS Cent Sci. 2023 Apr 11;9(5):915-926. doi: 10.1021/acscentsci.2c01317. eCollection 2023 May 24.,Toriki ES,ACS Cent Sci,2023,2023-05-30,PMC10214506,https://doi.org/10.1021/acscentsci.2c01317,10.1021/acscentsci.2c01317
63,37292909,Rational screening for cooperativity in small-molecule inducers of protein-protein associations,"Liu S, Tong B, Mason JW, Ostrem JM, Tutter A, Hua BK, Tang SA, Bonazzi S, Briner K, Berst F, Zécri FJ, Schreiber SL.",bioRxiv [Preprint]. 2023 May 24:2023.05.22.541439. doi: 10.1101/2023.05.22.541439.,Liu S,bioRxiv,2023,2023-06-09,PMC10245867,https://doi.org/10.1101/2023.05.22.541439,10.1101/2023.05.22.541439
64,37293994,Small molecule and peptide inhibitors of βTrCP and the βTrCP-NRF2 protein-protein interaction,"Jaffry U, Wells G.",Biochem Soc Trans. 2023 Jun 28;51(3):925-936. doi: 10.1042/BST20220352.,Jaffry U,Biochem Soc Trans,2023,2023-06-09,PMC10317156,https://doi.org/10.1042/BST20220352,10.1042/BST20220352
65,37310224,Biological and Structural Analyses of New Potent Allosteric Inhibitors of HIV-1 Integrase,"Bonnard D, Le Rouzic E, Singer MR, Yu Z, Le Strat F, Batisse C, Batisse J, Amadori C, Chasset S, Pye VE, Emiliani S, Ledoussal B, Ruff M, Moreau F, Cherepanov P, Benarous R.",Antimicrob Agents Chemother. 2023 Jul 18;67(7):e0046223. doi: 10.1128/aac.00462-23. Epub 2023 Jun 13.,Bonnard D,Antimicrob Agents Chemother,2023,2023-06-13,PMC10353390,https://doi.org/10.1128/aac.00462-23,10.1128/aac.00462-23
66,37350830,Tracking the mechanism of covalent molecular glue stabilization using native mass spectrometry,"Verhoef CJA, Kay DF, van Dijck L, Doveston RG, Brunsveld L, Leney AC, Cossar PJ.",Chem Sci. 2023 May 31;14(24):6756-6762. doi: 10.1039/d3sc01732j. eCollection 2023 Jun 21.,Verhoef CJA,Chem Sci,2023,2023-06-23,PMC10284121,https://doi.org/10.1039/d3sc01732j,10.1039/d3sc01732j
67,37379266,Oligomeric Remodeling by Molecular Glues Revealed Using Native Mass Spectrometry and Mass Photometry,"Huang X, Kamadurai H, Siuti P, Ahmed E, Bennett JL, Donald WA.",J Am Chem Soc. 2023 Jul 12;145(27):14716-14726. doi: 10.1021/jacs.3c02655. Epub 2023 Jun 28.,Huang X,J Am Chem Soc,2023,2023-06-28,,https://doi.org/10.1021/jacs.3c02655,10.1021/jacs.3c02655
68,37390512,A platform for the rapid synthesis of molecular glues (Rapid-Glue) under miniaturized conditions for direct biological screening,"Li J, Li C, Zhang Z, Zhang Z, Wu Z, Liao J, Wang Z, McReynolds M, Xie H, Guo L, Fan Q, Peng J, Tang W.",Eur J Med Chem. 2023 Oct 5;258:115567. doi: 10.1016/j.ejmech.2023.115567. Epub 2023 Jun 20.,Li J,Eur J Med Chem,2023,2023-06-30,PMC10529953,https://doi.org/10.1016/j.ejmech.2023.115567,10.1016/j.ejmech.2023.115567
69,37392559,"Salinization Dramatically Enhance the Anti-Prostate Cancer Efficacies of AR/AR-V7 and Mnk1/2 Molecular Glue Degraders, Galeterone and VNPP433-3β Which Outperform Docetaxel and Enzalutamide in CRPC CWR22Rv1 Xenograft Mouse Model","Thankan RS, Thomas E, Purushottamachar P, Weber DJ, Njar VCO.",Bioorg Chem. 2023 Oct;139:106700. doi: 10.1016/j.bioorg.2023.106700. Epub 2023 Jun 25.,Thankan RS,Bioorg Chem,2023,2023-07-01,PMC10528634,https://doi.org/10.1016/j.bioorg.2023.106700,10.1016/j.bioorg.2023.106700
70,37403870,Expanding Chemical Probe Space: Quality Criteria for Covalent and Degrader Probes,"Hartung IV, Rudolph J, Mader MM, Mulder MPC, Workman P.",J Med Chem. 2023 Jul 27;66(14):9297-9312. doi: 10.1021/acs.jmedchem.3c00550. Epub 2023 Jul 5.,Hartung IV,J Med Chem,2023,2023-07-05,PMC10388296,https://doi.org/10.1021/acs.jmedchem.3c00550,10.1021/acs.jmedchem.3c00550
71,37418973,Discovery of new Lenalidomide derivatives as potent and selective GSPT1 degraders,"Wei Y, Xu X, Jiang M, Wang Y, Zhou Y, Wang Z, Zhang Z, Zhou F, Ding K.",Eur J Med Chem. 2023 Oct 5;258:115580. doi: 10.1016/j.ejmech.2023.115580. Epub 2023 Jun 19.,Wei Y,Eur J Med Chem,2023,2023-07-07,,https://doi.org/10.1016/j.ejmech.2023.115580,10.1016/j.ejmech.2023.115580
72,37437222,Molecular Glue Discovery: Current and Future Approaches,"Dewey JA, Delalande C, Azizi SA, Lu V, Antonopoulos D, Babnigg G.",J Med Chem. 2023 Jul 27;66(14):9278-9296. doi: 10.1021/acs.jmedchem.3c00449. Epub 2023 Jul 12.,Dewey JA,J Med Chem,2023,2023-07-12,PMC10805529,https://doi.org/10.1021/acs.jmedchem.3c00449,10.1021/acs.jmedchem.3c00449
73,37471577,μMap Photoproximity Labeling Enables Small Molecule Binding Site Mapping,"Huth SW, Oakley JV, Seath CP, Geri JB, Trowbridge AD, Parker DL Jr, Rodriguez-Rivera FP, Schwaid AG, Ramil C, Ryu KA, White CH, Fadeyi OO, Oslund RC, MacMillan DWC.",J Am Chem Soc. 2023 Aug 2;145(30):16289-16296. doi: 10.1021/jacs.3c03325. Epub 2023 Jul 20.,Huth SW,J Am Chem Soc,2023,2023-07-20,PMC10809032,https://doi.org/10.1021/jacs.3c03325,10.1021/jacs.3c03325
74,37480690,Novel quinazolin-4(3H)-one based Cyclin K degraders regulate alternative polyadenylation activity,"Sano O, Ito M, Saito M, Toita A, Tanaka T, Maezaki H, Araki S, Iwata H.",Biochem Biophys Res Commun. 2023 Oct 8;676:6-12. doi: 10.1016/j.bbrc.2023.07.028. Epub 2023 Jul 17.,Sano O,Biochem Biophys Res Commun,2023,2023-07-22,,https://doi.org/10.1016/j.bbrc.2023.07.028,10.1016/j.bbrc.2023.07.028
75,37679459,Design principles for cyclin K molecular glue degraders,"Kozicka Z, Suchyta DJ, Focht V, Kempf G, Petzold G, Jentzsch M, Zou C, Di Genua C, Donovan KA, Coomar S, Cigler M, Mayor-Ruiz C, Schmid-Burgk JL, Häussinger D, Winter GE, Fischer ES, Słabicki M, Gillingham D, Ebert BL, Thomä NH.",Nat Chem Biol. 2024 Jan;20(1):93-102. doi: 10.1038/s41589-023-01409-z. Epub 2023 Sep 7.,Kozicka Z,Nat Chem Biol,2024,2023-09-07,PMC10746543,https://doi.org/10.1038/s41589-023-01409-z,10.1038/s41589-023-01409-z
76,37676236,"Structure-Based Optimization of Covalent, Small-Molecule Stabilizers of the 14-3-3σ/ERα Protein-Protein Interaction from Nonselective Fragments","Konstantinidou M, Visser EJ, Vandenboorn E, Chen S, Jaishankar P, Overmans M, Dutta S, Neitz RJ, Renslo AR, Ottmann C, Brunsveld L, Arkin MR.",J Am Chem Soc. 2023 Sep 20;145(37):20328-20343. doi: 10.1021/jacs.3c05161. Epub 2023 Sep 7.,Konstantinidou M,J Am Chem Soc,2023,2023-09-07,PMC10515640,https://doi.org/10.1021/jacs.3c05161,10.1021/jacs.3c05161
77,37683289,"Synthesis of (-)-Cotylenol, a 14-3-3 Molecular Glue Component","Ting SI, Snelson DW, Huffman TR, Kuroo A, Sato R, Shenvi RA.",J Am Chem Soc. 2023 Sep 20;145(37):20634-20645. doi: 10.1021/jacs.3c07849. Epub 2023 Sep 8.,Ting SI,J Am Chem Soc,2023,2023-09-08,PMC11022164,https://doi.org/10.1021/jacs.3c07849,10.1021/jacs.3c07849
78,38140952,Protein degraders - from thalidomide to new PROTACs,Ito T.,J Biochem. 2024 Apr 29;175(5):507-519. doi: 10.1093/jb/mvad113.,Ito T,J Biochem,2024,2023-12-23,,https://doi.org/10.1093/jb/mvad113,10.1093/jb/mvad113
79,38116854,Development of Phenyl-substituted Isoindolinone- and Benzimidazole-type Cereblon Ligands for Targeted Protein Degradation,"Nie X, Zhao Y, Tang H, Zhang Z, Liao J, Almodovar-Rivera CM, Sundaresan R, Xie H, Guo L, Wang B, Guan H, Xing Y, Tang W.",Chembiochem. 2024 Feb 16;25(4):e202300685. doi: 10.1002/cbic.202300685. Epub 2024 Jan 15.,Nie X,Chembiochem,2024,2023-12-20,PMC10922875,https://doi.org/10.1002/cbic.202300685,10.1002/cbic.202300685
80,38104154,The CDK12 inhibitor SR-4835 functions as a molecular glue that promotes cyclin K degradation in melanoma,"Houles T, Boucher J, Lavoie G, MacLeod G, Lin S, Angers S, Roux PP.",Cell Death Discov. 2023 Dec 16;9(1):459. doi: 10.1038/s41420-023-01754-x.,Houles T,Cell Death Discov,2023,2023-12-16,PMC10725499,https://doi.org/10.1038/s41420-023-01754-x,10.1038/s41420-023-01754-x
81,38098458,Discovery of Molecular Glue Degraders via Isogenic Morphological Profiling,"Ng A, Offensperger F, Cisneros JA, Scholes NS, Malik M, Villanti L, Rukavina A, Ferrada E, Hannich JT, Koren A, Kubicek S, Superti-Furga G, Winter GE.",ACS Chem Biol. 2023 Dec 15;18(12):2464-2473. doi: 10.1021/acschembio.3c00598. Epub 2023 Nov 21.,Ng A,ACS Chem Biol,2023,2023-12-15,PMC10764104,https://doi.org/10.1021/acschembio.3c00598,10.1021/acschembio.3c00598
82,38086859,Structural and biophysical comparisons of the pomalidomide- and CC-220-induced interactions of SALL4 with cereblon,"Ma X, Leon B, Ornelas E, Dovala D, Tandeske L, Luu C, Pardee G, Widger S, Solomon JM, Beckwith REJ, Moser H, Clifton MC, Wartchow CA.",Sci Rep. 2023 Dec 12;13(1):22088. doi: 10.1038/s41598-023-48606-3.,Ma X,Sci Rep,2023,2023-12-12,PMC10716131,https://doi.org/10.1038/s41598-023-48606-3,10.1038/s41598-023-48606-3
83,37697005,Unraveling the diversity of molecular glue degraders,,Nat Chem Biol. 2024 Jan;20(1):17-18. doi: 10.1038/s41589-023-01410-6.,,Nat Chem Biol,2024,2023-09-11,,https://doi.org/10.1038/s41589-023-01410-6,10.1038/s41589-023-01410-6
84,37816014,Rational Screening for Cooperativity in Small-Molecule Inducers of Protein-Protein Associations,"Liu S, Tong B, Mason JW, Ostrem JM, Tutter A, Hua BK, Tang SA, Bonazzi S, Briner K, Berst F, Zécri FJ, Schreiber SL.",J Am Chem Soc. 2023 Oct 25;145(42):23281-23291. doi: 10.1021/jacs.3c08307. Epub 2023 Oct 10.,Liu S,J Am Chem Soc,2023,2023-10-10,PMC10603787,https://doi.org/10.1021/jacs.3c08307,10.1021/jacs.3c08307
85,37828400,Activation of human STING by a molecular glue-like compound,"Li J, Canham SM, Wu H, Henault M, Chen L, Liu G, Chen Y, Yu G, Miller HR, Hornak V, Brittain SM, Michaud GA, Tutter A, Broom W, Digan ME, McWhirter SM, Sivick KE, Pham HT, Chen CH, Tria GS, McKenna JM, Schirle M, Mao X, Nicholson TB, Wang Y, Jenkins JL, Jain RK, Tallarico JA, Patel SJ, Zheng L, Ross NT, Cho CY, Zhang X, Bai XC, Feng Y.",Nat Chem Biol. 2024 Mar;20(3):365-372. doi: 10.1038/s41589-023-01434-y. Epub 2023 Oct 12.,Li J,Nat Chem Biol,2024,2023-10-12,PMC10907298,https://doi.org/10.1038/s41589-023-01434-y,10.1038/s41589-023-01434-y
86,37838329,Benzbromarone Induces Targeted Degradation of HSP47 Protein and Improves Hypertrophic Scar Formation,"Park JG, Lim DC, Park JH, Park S, Mok J, Kang KW, Park J.",J Invest Dermatol. 2024 Mar;144(3):633-644. doi: 10.1016/j.jid.2023.09.279. Epub 2023 Oct 13.,Park JG,J Invest Dermatol,2024,2023-10-14,,https://doi.org/10.1016/j.jid.2023.09.279,10.1016/j.jid.2023.09.279
87,37858464,Pharmacological depletion of RNA splicing factor RBM39 by indisulam synergizes with PARP inhibitors in high-grade serous ovarian carcinoma,"Xu Y, Spear S, Ma Y, Lorentzen MP, Gruet M, McKinney F, Xu Y, Wickremesinghe C, Shepherd MR, McNeish I, Keun HC, Nijhuis A.",Cell Rep. 2023 Oct 31;42(10):113307. doi: 10.1016/j.celrep.2023.113307. Epub 2023 Oct 19.,Xu Y,Cell Rep,2023,2023-10-20,,https://doi.org/10.1016/j.celrep.2023.113307,10.1016/j.celrep.2023.113307
88,37596276,Lenalidomide derivatives and proteolysis-targeting chimeras for controlling neosubstrate degradation,"Yamanaka S, Furihata H, Yanagihara Y, Taya A, Nagasaka T, Usui M, Nagaoka K, Shoya Y, Nishino K, Yoshida S, Kosako H, Tanokura M, Miyakawa T, Imai Y, Shibata N, Sawasaki T.",Nat Commun. 2023 Aug 18;14(1):4683. doi: 10.1038/s41467-023-40385-9.,Yamanaka S,Nat Commun,2023,2023-08-18,PMC10439208,https://doi.org/10.1038/s41467-023-40385-9,10.1038/s41467-023-40385-9
89,37736171,Targeted Degradation of CDK4/6: An Innovative Approach to Overcoming Cancer Drug Resistance,Kargbo RB.,ACS Med Chem Lett. 2023 Aug 22;14(9):1162-1164. doi: 10.1021/acsmedchemlett.3c00356. eCollection 2023 Sep 14.,Kargbo RB,ACS Med Chem Lett,2023,2023-09-22,PMC10510523,https://doi.org/10.1021/acsmedchemlett.3c00356,10.1021/acsmedchemlett.3c00356
90,37902676,Discovery of 14-3-3 PPI Stabilizers by Extension of an Amidine-Substituted Thiophene Fragment,"Wu Q, Centorrino F, Guillory X, Wolter M, Ottmann C, Cossar PJ, Brunsveld L.",Chembiochem. 2024 Jan 2;25(1):e202300636. doi: 10.1002/cbic.202300636. Epub 2023 Nov 17.,Wu Q,Chembiochem,2024,2023-10-30,,https://doi.org/10.1002/cbic.202300636,10.1002/cbic.202300636
91,37986959,Covalent 14-3-3 Molecular Glues and Heterobifunctional Molecules Against Nuclear Transcription Factors and Regulators,"Shao Q, Duong TN, Park I, Nomura DK.",bioRxiv [Preprint]. 2023 Nov 6:2023.11.06.565850. doi: 10.1101/2023.11.06.565850.,Shao Q,bioRxiv,2023,2023-11-21,PMC10659333,https://doi.org/10.1101/2023.11.06.565850,10.1101/2023.11.06.565850
92,37995564,Serendipitous discovery of Class I HDAC inhibitors from rational design of molecular glue degraders targeting HDAC,"Chen D, Lin S, Zeng Z, An J, Yan W, Gu Z, Chen L, He B.",Eur J Med Chem. 2024 Jan 5;263:115926. doi: 10.1016/j.ejmech.2023.115926. Epub 2023 Nov 19.,Chen D,Eur J Med Chem,2024,2023-11-23,,https://doi.org/10.1016/j.ejmech.2023.115926,10.1016/j.ejmech.2023.115926
93,38029571,Molecular glues targeting GSPT1 in cancers: A potent therapy,"Zhang D, Lin P, Lin J.",Bioorg Chem. 2024 Feb;143:107000. doi: 10.1016/j.bioorg.2023.107000. Epub 2023 Nov 25.,Zhang D,Bioorg Chem,2024,2023-11-29,,https://doi.org/10.1016/j.bioorg.2023.107000,10.1016/j.bioorg.2023.107000
94,38084501,Design and Characterization of a Novel eEF2K Degrader with Potent Therapeutic Efficacy Against Triple-Negative Breast Cancer,"Zhong C, Zhu R, Jiang T, Tian S, Zhao X, Wan X, Jiang S, Chen Z, Gong R, He L, Yang JM, Ye N, Cheng Y.",Adv Sci (Weinh). 2024 Feb;11(5):e2305035. doi: 10.1002/advs.202305035. Epub 2023 Dec 12.,Zhong C,Adv Sci (Weinh),2024,2023-12-12,PMC10837347,https://doi.org/10.1002/advs.202305035,10.1002/advs.202305035
95,38101039,Targeting phosphatases: From molecule design to clinical trials,"Guo M, Li Z, Gu M, Gu J, You Q, Wang L.",Eur J Med Chem. 2024 Jan 15;264:116031. doi: 10.1016/j.ejmech.2023.116031. Epub 2023 Dec 8.,Guo M,Eur J Med Chem,2024,2023-12-15,,https://doi.org/10.1016/j.ejmech.2023.116031,10.1016/j.ejmech.2023.116031
96,38104659,Screening for molecular glues - Challenges and opportunities,"Holdgate GA, Bardelle C, Berry SK, Lanne A, Cuomo ME.",SLAS Discov. 2024 Mar;29(2):100136. doi: 10.1016/j.slasd.2023.12.008. Epub 2023 Dec 15.,Holdgate GA,SLAS Discov,2024,2023-12-17,,https://doi.org/10.1016/j.slasd.2023.12.008,10.1016/j.slasd.2023.12.008
97,37585660,From Thalidomide to Rational Molecular Glue Design for Targeted Protein Degradation,"Oleinikovas V, Gainza P, Ryckmans T, Fasching B, Thomä NH.",Annu Rev Pharmacol Toxicol. 2024 Jan 23;64:291-312. doi: 10.1146/annurev-pharmtox-022123-104147. Epub 2023 Aug 16.,Oleinikovas V,Annu Rev Pharmacol Toxicol,2024,2023-08-16,,https://doi.org/10.1146/annurev-pharmtox-022123-104147,10.1146/annurev-pharmtox-022123-104147
98,37614621,Targeted Protein Degradation through Recruitment of the CUL4A Complex Adaptor Protein DDB1,"Meyers M, Cismoski S, Panidapu A, Chie-Leon B, Nomura DK.",bioRxiv [Preprint]. 2023 Aug 12:2023.08.11.553046. doi: 10.1101/2023.08.11.553046.,Meyers M,bioRxiv,2023,2023-08-24,PMC10443223,https://doi.org/10.1101/2023.08.11.553046,10.1101/2023.08.11.553046
99,38193430,Degradation by Design: New Cyclin K Degraders from Old CDK Inhibitors,"Thomas KL, Bouguenina H, Miller DSJ, Sialana FJ, Hayhow TG, Choudhary JS, Rossanese OW, Bellenie BR.",ACS Chem Biol. 2024 Jan 19;19(1):173-184. doi: 10.1021/acschembio.3c00616. Epub 2024 Jan 9.,Thomas KL,ACS Chem Biol,2024,2024-01-09,PMC10804372,https://doi.org/10.1021/acschembio.3c00616,10.1021/acschembio.3c00616
100,38228616,Selective CK1α degraders exert antiproliferative activity against a broad range of human cancer cell lines,"Nishiguchi G, Mascibroda LG, Young SM, Caine EA, Abdelhamed S, Kooijman JJ, Miller DJ, Das S, McGowan K, Mayasundari A, Shi Z, Barajas JM, Hiltenbrand R, Aggarwal A, Chang Y, Mishra V, Narina S, Thomas M, Loughran AJ, Kalathur R, Yu K, Zhou S, Wang X, High AA, Peng J, Pruett-Miller SM, Daniels DL, Urh M, Shelat AA, Mullighan CG, Riching KM, Zaman GJR, Fischer M, Klco JM, Rankovic Z.",Nat Commun. 2024 Jan 16;15(1):482. doi: 10.1038/s41467-024-44698-1.,Nishiguchi G,Nat Commun,2024,2024-01-16,PMC10791743,https://doi.org/10.1038/s41467-024-44698-1,10.1038/s41467-024-44698-1
101,38237679,Characterizing the protein-protein interaction between MDM2 and 14-3-3σ; proof of concept for small molecule stabilization,"Ward JA, Romartinez-Alonso B, Kay DF, Bellamy-Carter J, Thurairajah B, Basran J, Kwon H, Leney AC, Macip S, Roversi P, Muskett FW, Doveston RG.",J Biol Chem. 2024 Feb;300(2):105651. doi: 10.1016/j.jbc.2024.105651. Epub 2024 Jan 16.,Ward JA,J Biol Chem,2024,2024-01-18,PMC10864208,https://doi.org/10.1016/j.jbc.2024.105651,10.1016/j.jbc.2024.105651
102,38287153,A molecular glue degrader of eRF1 on the ribosome,,Nat Chem Biol. 2024 Jul;20(7):810-811. doi: 10.1038/s41589-023-01522-z.,,Nat Chem Biol,2024,2024-01-29,,https://doi.org/10.1038/s41589-023-01522-z,10.1038/s41589-023-01522-z
103,38300987,"Discovery and Preclinical Pharmacology of NX-2127, an Orally Bioavailable Degrader of Bruton's Tyrosine Kinase with Immunomodulatory Activity for the Treatment of Patients with B Cell Malignancies","Robbins DW, Noviski MA, Tan YS, Konst ZA, Kelly A, Auger P, Brathaban N, Cass R, Chan ML, Cherala G, Clifton MC, Gajewski S, Ingallinera TG, Karr D, Kato D, Ma J, McKinnell J, McIntosh J, Mihalic J, Murphy B, Panga JR, Peng G, Powers J, Perez L, Rountree R, Tenn-McClellan A, Sands AT, Weiss DR, Wu J, Ye J, Guiducci C, Hansen G, Cohen F.",J Med Chem. 2024 Feb 22;67(4):2321-2336. doi: 10.1021/acs.jmedchem.3c01007. Epub 2024 Feb 1.,Robbins DW,J Med Chem,2024,2024-02-01,,https://doi.org/10.1021/acs.jmedchem.3c01007,10.1021/acs.jmedchem.3c01007
104,38389883,Development of sulfonyl fluoride chemical probes to advance the discovery of cereblon modulators,"Liu Y, Nowak RP, Che J, Donovan KA, Huerta F, Liu H, Metivier RJ, Fischer ES, Jones LH.",RSC Med Chem. 2024 Jan 9;15(2):607-611. doi: 10.1039/d3md00652b. eCollection 2024 Feb 21.,Liu Y,RSC Med Chem,2024,2024-02-23,PMC10880902,https://doi.org/10.1039/d3md00652b,10.1039/d3md00652b
105,38405965,Molecular glues of the regulatory ChREBP/14-3-3 complex protect beta cells from glucolipotoxicity,"Katz LS, Visser EJ, Plitzko KF, Pennings M, Cossar PJ, Tse IL, Kaiser M, Brunsveld L, Scott DK, Ottmann C.",bioRxiv [Preprint]. 2024 Feb 17:2024.02.16.580675. doi: 10.1101/2024.02.16.580675.,Katz LS,bioRxiv,2024,2024-02-26,PMC10888794,https://doi.org/10.1101/2024.02.16.580675,10.1101/2024.02.16.580675
106,38582133,Antascomicin B stabilizes FKBP51-Akt1 complexes as a molecular glue,"Schäfer SC, Voll AM, Bracher A, Ley SV, Hausch F.",Bioorg Med Chem Lett. 2024 May 15;104:129728. doi: 10.1016/j.bmcl.2024.129728. Epub 2024 Apr 4.,Schäfer SC,Bioorg Med Chem Lett,2024,2024-04-06,,https://doi.org/10.1016/j.bmcl.2024.129728,10.1016/j.bmcl.2024.129728
107,38588399,The Pan-RAF-MEK Nondegrading Molecular Glue NST-628 Is a Potent and Brain-Penetrant Inhibitor of the RAS-MAPK Pathway with Activity across Diverse RAS- and RAF-Driven Cancers,"Ryan MB, Quade B, Schenk N, Fang Z, Zingg M, Cohen SE, Swalm BM, Li C, Özen A, Ye C, Ritorto MS, Huang X, Dar AC, Han Y, Hoeflich KP, Hale M, Hagel M.",Cancer Discov. 2024 Jul 1;14(7):1190-1205. doi: 10.1158/2159-8290.CD-24-0139.,Ryan MB,Cancer Discov,2024,2024-04-08,PMC11215411,https://doi.org/10.1158/2159-8290.CD-24-0139,10.1158/2159-8290.CD-24-0139
108,38608634,SuFEx-based chemical diversification for the systematic discovery of CRBN molecular glues,"Carter TR, Milosevich N, Dada L, Shaum JB, Barry Sharpless K, Kitamura S, Erb MA.",Bioorg Med Chem. 2024 Apr 15;104:117699. doi: 10.1016/j.bmc.2024.117699. Epub 2024 Apr 4.,Carter TR,Bioorg Med Chem,2024,2024-04-12,PMC11195152,https://doi.org/10.1016/j.bmc.2024.117699,10.1016/j.bmc.2024.117699
109,38734583,P53 upregulation by USP7-engaging molecular glues,"Li Z, Wang Z, Zhong C, Zhang H, Liu R, An P, Ma Z, Lu J, Pan C, Zhang Z, Cao Z, Hu J, Xing D, Fei Y, Ding Y, Lu B.",Sci Bull (Beijing). 2024 Jun 30;69(12):1936-1953. doi: 10.1016/j.scib.2024.04.017. Epub 2024 Apr 11.,Li Z,Sci Bull (Beijing),2024,2024-05-11,,https://doi.org/10.1016/j.scib.2024.04.017,10.1016/j.scib.2024.04.017
110,38746375,Discovery of CRBN-dependent WEE1 Molecular Glue Degraders from a Multicomponent Combinatorial Library,"Razumkov H, Jiang Z, Baek K, You I, Geng Q, Donovan KA, Tang MT, Metivier RJ, Mageed N, Seo P, Li Z, Byun WS, Hinshaw SM, Sarott RC, Fischer ES, Gray NS.",bioRxiv [Preprint]. 2024 May 5:2024.05.04.592550. doi: 10.1101/2024.05.04.592550.,Razumkov H,bioRxiv,2024,2024-05-15,PMC11092764,https://doi.org/10.1101/2024.05.04.592550,10.1101/2024.05.04.592550
111,38789724,A molecular glue RBM39-degrader induces synthetic lethality in cancer cells with homologous recombination repair deficiency,"Kohsaka S, Yagishita S, Shirai Y, Matsuno Y, Ueno T, Kojima S, Ikeuchi H, Ikegami M, Kitada R, Yoshioka KI, Toshimitsu K, Tabata K, Yokoi A, Doi T, Yamamoto N, Owa T, Hamada A, Mano H.",NPJ Precis Oncol. 2024 May 24;8(1):117. doi: 10.1038/s41698-024-00610-0.,Kohsaka S,NPJ Precis Oncol,2024,2024-05-24,PMC11126574,https://doi.org/10.1038/s41698-024-00610-0,10.1038/s41698-024-00610-0
112,38795517,Identification of novel GSPT1 degraders by virtual screening and bioassay,"Zhang S, Nie S, Ma G, Shen M, Kong L, Zuo Z, Li Y.",Eur J Med Chem. 2024 Jul 5;273:116524. doi: 10.1016/j.ejmech.2024.116524. Epub 2024 May 24.,Zhang S,Eur J Med Chem,2024,2024-05-25,,https://doi.org/10.1016/j.ejmech.2024.116524,10.1016/j.ejmech.2024.116524
113,38826238,ZBTB11 Depletion Targets Metabolic Vulnerabilities in K-Ras Inhibitor Resistant PDAC,"Tran NL, Jiang J, Ma M, Gadbois GE, Gulay KCM, Verano A, Zhou H, Huang CT, Scott DA, Bang AG, Tiriac H, Lowy AM, Wang ES, Ferguson FM.",bioRxiv [Preprint]. 2024 May 21:2024.05.19.594824. doi: 10.1101/2024.05.19.594824.,Tran NL,bioRxiv,2024,2024-06-03,PMC11142081,https://doi.org/10.1101/2024.05.19.594824,10.1101/2024.05.19.594824
114,38830513,Cannabidiol mitigates radiation-induced intestine ferroptosis via facilitating the heterodimerization of RUNX3 with CBFβ thereby promoting transactivation of GPX4,"Huang C, Zhang L, Shen P, Wu Z, Li G, Huang Y, Ao T, Luo L, Hu C, Wang N, Quzhuo R, Tian L, Huangfu C, Liao Z, Gao Y.",Free Radic Biol Med. 2024 Sep;222:288-303. doi: 10.1016/j.freeradbiomed.2024.05.047. Epub 2024 Jun 1.,Huang C,Free Radic Biol Med,2024,2024-06-03,,https://doi.org/10.1016/j.freeradbiomed.2024.05.047,10.1016/j.freeradbiomed.2024.05.047
115,38864850,A PDE3A-SLFN12 Molecular Glue Exhibits Significant Antitumor Activity in TKI-Resistant Gastrointestinal Stromal Tumors,"Takaki EO, Kiyono K, Obuchi Y, Yamauchi T, Watanabe T, Matsumoto H, Karimine M, Kuniyoshi Y, Nishikori S, Yokoyama F, Nishimori H, Nabeshima H, Nakamura K.",Clin Cancer Res. 2024 Aug 15;30(16):3603-3621. doi: 10.1158/1078-0432.CCR-24-0096.,Takaki EO,Clin Cancer Res,2024,2024-06-12,PMC11325149,https://doi.org/10.1158/1078-0432.CCR-24-0096,10.1158/1078-0432.CCR-24-0096
116,38920289,"Discovery of KT-413, a Targeted Protein Degrader of IRAK4 and IMiD Substrates Targeting MYD88 Mutant Diffuse Large B-Cell Lymphoma","Weiss MM, Zheng X, Ji N, Browne CM, Campbell V, Chen D, Enerson B, Fei X, Huang X, Klaus CR, Li H, Mayo M, McDonald AA, Paul A, Rong H, Sharma K, Shi Y, Slavin A, Walther DM, Yuan K, Zhang Y, Zhu X, Kelleher J, Walker D, Mainolfi N.",J Med Chem. 2024 Jul 11;67(13):10548-10566. doi: 10.1021/acs.jmedchem.3c01823. Epub 2024 Jun 26.,Weiss MM,J Med Chem,2024,2024-06-26,,https://doi.org/10.1021/acs.jmedchem.3c01823,10.1021/acs.jmedchem.3c01823
117,38946324,Pan-RAF:MEK Molecular Glues Take Center Stage,"Hangauer MJ, Gutkind JS, Ferguson FM.",Cancer Discov. 2024 Jul 1;14(7):1143-1144. doi: 10.1158/2159-8290.CD-24-0539.,Hangauer MJ,Cancer Discov,2024,2024-07-01,,https://doi.org/10.1158/2159-8290.CD-24-0539,10.1158/2159-8290.CD-24-0539
118,38963839,A molecular glue degrader of the WIZ transcription factor for fetal hemoglobin induction,"Ting PY, Borikar S, Kerrigan JR, Thomsen NM, Aghania E, Hinman AE, Reyes A, Pizzato N, Fodor BD, Wu F, Belew MS, Mao X, Wang J, Chitnis S, Niu W, Hachey A, Cobb JS, Savage NA, Burke A, Paulk J, Dovala D, Lin J, Clifton MC, Ornelas E, Ma X, Ware NF, Sanchez CC, Taraszka J, Terranova R, Knehr J, Altorfer M, Barnes SW, Beckwith REJ, Solomon JM, Dales NA, Patterson AW, Wagner J, Bouwmeester T, Dranoff G, Stevenson SC, Bradner JE.",Science. 2024 Jul 5;385(6704):91-99. doi: 10.1126/science.adk6129. Epub 2024 Jul 4.,Ting PY,Science,2024,2024-07-04,,https://doi.org/10.1126/science.adk6129,10.1126/science.adk6129
119,39026748,Monovalent Pseudo-Natural Product Degraders Supercharge the Native Degradation of IDO1 by KLHDC3,"Hennes E, Lucas B, Scholes NS, Cheng XF, Scott DC, Bischoff M, Reich K, Gasper R, Lucas M, Xu TT, Pulvermacher LM, Dötsch L, Imrichova H, Brause A, Naredla KR, Sievers S, Kumar K, Janning P, Gersch M, Murray PJ, Schulman BA, Winter GE, Ziegler S, Waldmann H.",bioRxiv [Preprint]. 2024 Jul 13:2024.07.10.602857. doi: 10.1101/2024.07.10.602857.,Hennes E,bioRxiv,2024,2024-07-19,PMC11257573,https://doi.org/10.1101/2024.07.10.602857,10.1101/2024.07.10.602857
120,39071058,DCAF16-Based Covalent Handle for the Rational Design of Monovalent Degraders,"Lim M, Cong TD, Orr LM, Toriki ES, Kile AC, Papatzimas JW, Lee E, Lin Y, Nomura DK.",ACS Cent Sci. 2024 May 17;10(7):1318-1331. doi: 10.1021/acscentsci.4c00286. eCollection 2024 Jul 24.,Lim M,ACS Cent Sci,2024,2024-07-29,PMC11273451,https://doi.org/10.1021/acscentsci.4c00286,10.1021/acscentsci.4c00286
121,39075252,Template-assisted covalent modification underlies activity of covalent molecular glues,"Li YD, Ma MW, Hassan MM, Hunkeler M, Teng M, Puvar K, Rutter JC, Lumpkin RJ, Sandoval B, Jin CY, Schmoker AM, Ficarro SB, Cheong H, Metivier RJ, Wang MY, Xu S, Byun WS, Groendyke BJ, You I, Sigua LH, Tavares I, Zou C, Tsai JM, Park PMC, Yoon H, Majewski FC, Sperling HT, Marto JA, Qi J, Nowak RP, Donovan KA, Słabicki M, Gray NS, Fischer ES, Ebert BL.",Nat Chem Biol. 2024 Jul 29. doi: 10.1038/s41589-024-01668-4. Online ahead of print.,Li YD,Nat Chem Biol,2024,2024-07-29,,https://doi.org/10.1038/s41589-024-01668-4,10.1038/s41589-024-01668-4
122,39090085,Dual-site molecular glues for enhancing protein-protein interactions of the CDK12-DDB1 complex,"Zhang Z, Li Y, Yang J, Li J, Lin X, Liu T, Yang S, Lin J, Xue S, Yu J, Tang C, Li Z, Liu L, Ye Z, Deng Y, Li Z, Chen K, Ding H, Luo C, Lin H.",Nat Commun. 2024 Aug 1;15(1):6477. doi: 10.1038/s41467-024-50642-0.,Zhang Z,Nat Commun,2024,2024-08-01,PMC11294606,https://doi.org/10.1038/s41467-024-50642-0,10.1038/s41467-024-50642-0
123,39111082,Schisandrol B inhibits calcification of aortic valve by targeting p53 related inflammatory and senescence,"Liu X, Wang K, Zheng Q, Liu X, Yang Y, Xie C, Yao D, Jiang C, Liu Z, Li H, Shi J, Dong N.",Biomed Pharmacother. 2024 Sep;178:117241. doi: 10.1016/j.biopha.2024.117241. Epub 2024 Aug 6.,Liu X,Biomed Pharmacother,2024,2024-08-07,,https://doi.org/10.1016/j.biopha.2024.117241,10.1016/j.biopha.2024.117241
124,39166256,Velcrin molecular glues induce apoptosis in glioblastomas with high PDE3A and SLFN12 expression,"Aquilanti E, Goldoni S, Baker A, Kotynkova K, Andersen S, Bozinov V, Gao GF, Cherniack AD, Lange M, Lesche R, Kopitz C, Lienau P, Lewis TA, Garrido M, Gradl S, Seidel H, Tseng YY, Ligon KL, Wen PY, Meyerson M, Greulich H.",Neurooncol Adv. 2024 Jul 1;6(1):vdae115. doi: 10.1093/noajnl/vdae115. eCollection 2024 Jan-Dec.,Aquilanti E,Neurooncol Adv,2024,2024-08-21,PMC11333922,https://doi.org/10.1093/noajnl/vdae115,10.1093/noajnl/vdae115
125,39194017,Identification and Characterization of Novel Small-Molecule Enhancers of the CUL3(LZTR1) E3 Ligase KRAS Complex,"Piech S, Brüschweiler S, Westphalen J, Siess KM, García Murias J, Konrat R, Bigenzahn JW, Superti-Furga G.",ACS Chem Biol. 2024 Sep 20;19(9):1942-1952. doi: 10.1021/acschembio.4c00077. Epub 2024 Aug 28.,Piech S,ACS Chem Biol,2024,2024-08-28,PMC11420953,https://doi.org/10.1021/acschembio.4c00077,10.1021/acschembio.4c00077
126,39196545,Targeted Protein Localization by Covalent 14-3-3 Recruitment,"Shao Q, Duong TN, Park I, Orr LM, Nomura DK.",J Am Chem Soc. 2024 Sep 11;146(36):24788-24799. doi: 10.1021/jacs.3c12389. Epub 2024 Aug 28.,Shao Q,J Am Chem Soc,2024,2024-08-28,,https://doi.org/10.1021/jacs.3c12389,10.1021/jacs.3c12389
127,39218923,Novel potent molecular glue degraders against broad range of hematological cancer cell lines via multiple neosubstrates degradation,"Li P, Hu X, Fan Z, Sun S, Ran Q, Wei T, Wei P, Jiang Q, Yan J, Yang N, Jia C, Yang T, Mao Y, Cai X, Xu T, Zhao Z, Qian X, Qin W, Zhuang X, Fan F, Xiao J, Zheng Z, Li S.",J Hematol Oncol. 2024 Sep 2;17(1):77. doi: 10.1186/s13045-024-01592-z.,Li P,J Hematol Oncol,2024,2024-09-01,PMC11367868,https://doi.org/10.1186/s13045-024-01592-z,10.1186/s13045-024-01592-z
128,39300082,Activation of parkin by a molecular glue,"Sauvé V, Stefan E, Croteau N, Goiran T, Fakih R, Bansal N, Hadzipasic A, Fang J, Murugan P, Chen S, Fon EA, Hirst WD, Silvian LF, Trempe JF, Gehring K.",Nat Commun. 2024 Sep 19;15(1):7707. doi: 10.1038/s41467-024-51889-3.,Sauvé V,Nat Commun,2024,2024-09-19,PMC11412986,https://doi.org/10.1038/s41467-024-51889-3,10.1038/s41467-024-51889-3
129,39309493,Molecular glue triggers degradation of PHGDH by enhancing the interaction between DDB1 and PHGDH,"Huang Z, Zhang K, Jiang Y, Wang M, Li M, Guo Y, Gao R, Li N, Wang C, Chen J, Wang J, Liu N, Liu X, Liu S, Wei M, Yang C, Yang G.",Acta Pharm Sin B. 2024 Sep;14(9):4001-4013. doi: 10.1016/j.apsb.2024.06.001. Epub 2024 Jun 6.,Huang Z,Acta Pharm Sin B,2024,2024-09-23,PMC11413658,https://doi.org/10.1016/j.apsb.2024.06.001,10.1016/j.apsb.2024.06.001
130,39314457,Unveiling the hidden interactome of CRBN molecular glues with chemoproteomics,"Baek K, Metivier RJ, Roy Burman SS, Bushman JW, Lumpkin RJ, Abeja DM, Lakshminarayan M, Yue H, Ojeda S, Verano AL, Gray NS, Donovan KA, Fischer ES.",bioRxiv [Preprint]. 2024 Sep 15:2024.09.11.612438. doi: 10.1101/2024.09.11.612438.,Baek K,bioRxiv,2024,2024-09-24,PMC11419069,https://doi.org/10.1101/2024.09.11.612438,10.1101/2024.09.11.612438
131,39324213,Development of a molecular glue-based Lin28 degrader to regulate cellular proliferation and stemness,"Lee M, Byun WG, Son S, Park SB.",Chem Commun (Camb). 2024 Sep 26. doi: 10.1039/d4cc03614j. Online ahead of print.,Lee M,Chem Commun (Camb),2024,2024-09-26,,https://doi.org/10.1039/d4cc03614j,10.1039/d4cc03614j
132,39244972,FL118: A potential bladder cancer therapeutic compound targeting H2A.X identified through library screening,"Fan G, Luo X, Shi Y, Wang Y, Ji L, Gong Y, Yang E, Chen C, Cui S, Ding H, Zhang Z, Wang J, Liu Y, Wang Z.",Bioorg Chem. 2024 Sep 5;153:107802. doi: 10.1016/j.bioorg.2024.107802. Online ahead of print.,Fan G,Bioorg Chem,2024,2024-09-08,,https://doi.org/10.1016/j.bioorg.2024.107802,10.1016/j.bioorg.2024.107802
133,39044280,Targeting RBM39 through indisulam induced mis-splicing of mRNA to exert anti-cancer effects in T-cell acute lymphoblastic leukemia,"Ji T, Yang Y, Yu J, Yin H, Chu X, Yang P, Xu L, Wang X, Hu S, Li Y, Wu X, Liu W, Zhou B, Wang W, Zhang S, Cheng W, Chen Y, Shi L, Li Z, Zhuo R, Zhang Y, Tao Y, Wu D, Li X, Zhang Z, Fan JJ, Pan J, Lu J.",J Exp Clin Cancer Res. 2024 Jul 24;43(1):205. doi: 10.1186/s13046-024-03130-8.,Ji T,J Exp Clin Cancer Res,2024,2024-07-23,PMC11267830,https://doi.org/10.1186/s13046-024-03130-8,10.1186/s13046-024-03130-8
134,37968329,M. mazei glutamine synthetase and glutamine synthetase-GlnK1 structures reveal enzyme regulation by oligomer modulation,"Schumacher MA, Salinas R, Travis BA, Singh RR, Lent N.",Nat Commun. 2023 Nov 15;14(1):7375. doi: 10.1038/s41467-023-43243-w.,Schumacher MA,Nat Commun,2023,2023-11-15,PMC10651883,https://doi.org/10.1038/s41467-023-43243-w,10.1038/s41467-023-43243-w
135,11250156,Intermolecular DNA interactions stimulated by the cohesin complex in vitro: implications for sister chromatid cohesion,"Losada A, Hirano T.",Curr Biol. 2001 Feb 20;11(4):268-72. doi: 10.1016/s0960-9822(01)00066-5.,Losada A,Curr Biol,2001,2001-03-16,,https://doi.org/10.1016/s0960-9822(01)00066-5,10.1016/s0960-9822(01)00066-5
136,19250831,The effect of linker length on binding affinity of a photoswitchable molecular glue for DNA,"Dohno C, Uno SN, Sakai S, Oku M, Nakatani K.",Bioorg Med Chem. 2009 Mar 15;17(6):2536-43. doi: 10.1016/j.bmc.2009.01.053. Epub 2009 Jan 30.,Dohno C,Bioorg Med Chem,2009,2009-03-03,,https://doi.org/10.1016/j.bmc.2009.01.053,10.1016/j.bmc.2009.01.053
137,23643786,Localization of the regulatory particle subunit Sem1 in the 26S proteasome,"Bohn S, Sakata E, Beck F, Pathare GR, Schnitger J, Nágy I, Baumeister W, Förster F.",Biochem Biophys Res Commun. 2013 May 31;435(2):250-4. doi: 10.1016/j.bbrc.2013.04.069. Epub 2013 May 1.,Bohn S,Biochem Biophys Res Commun,2013,2013-05-07,,https://doi.org/10.1016/j.bbrc.2013.04.069,10.1016/j.bbrc.2013.04.069
138,23657259,Psl trails guide exploration and microcolony formation in Pseudomonas aeruginosa biofilms,"Zhao K, Tseng BS, Beckerman B, Jin F, Gibiansky ML, Harrison JJ, Luijten E, Parsek MR, Wong GCL.",Nature. 2013 May 16;497(7449):388-391. doi: 10.1038/nature12155. Epub 2013 May 8.,Zhao K,Nature,2013,2013-05-10,PMC4109411,https://doi.org/10.1038/nature12155,10.1038/nature12155
139,26212329,Structural Studies Reveal the Functional Modularity of the Scc2-Scc4 Cohesin Loader,"Chao WC, Murayama Y, Muñoz S, Costa A, Uhlmann F, Singleton MR.",Cell Rep. 2015 Aug 4;12(5):719-25. doi: 10.1016/j.celrep.2015.06.071. Epub 2015 Jul 23.,Chao WC,Cell Rep,2015,2015-07-28,,https://doi.org/10.1016/j.celrep.2015.06.071,10.1016/j.celrep.2015.06.071
140,28106332,Copper(II)-Controlled Molecular Glue for Mismatched DNA,"Kotera N, Guillot R, Teulade-Fichou MP, Granzhan A.",Chembiochem. 2017 Apr 4;18(7):618-622. doi: 10.1002/cbic.201600675. Epub 2017 Feb 20.,Kotera N,Chembiochem,2017,2017-01-21,,https://doi.org/10.1002/cbic.201600675,10.1002/cbic.201600675
141,29143424,Restoration of Ribozyme Tertiary Contact and Function by Using a Molecular Glue for RNA,"Dohno C, Kimura M, Nakatani K.",Angew Chem Int Ed Engl. 2018 Jan 8;57(2):506-510. doi: 10.1002/anie.201709041. Epub 2017 Dec 7.,Dohno C,Angew Chem Int Ed Engl,2018,2017-11-17,,https://doi.org/10.1002/anie.201709041,10.1002/anie.201709041
142,22692698,Porphyrin-DNA conjugates: porphyrin induced adenine-guanine homoduplex stabilization and interduplex assemblies,"Sargsyan G, Balaz M.",Org Biomol Chem. 2012 Aug 7;10(29):5533-40. doi: 10.1039/c2ob25710f. Epub 2012 Jun 12.,Sargsyan G,Org Biomol Chem,2012,2012-06-14,,https://doi.org/10.1039/c2ob25710f,10.1039/c2ob25710f
143,22632968,LINC complexes form by binding of three KASH peptides to domain interfaces of trimeric SUN proteins,"Sosa BA, Rothballer A, Kutay U, Schwartz TU.",Cell. 2012 May 25;149(5):1035-47. doi: 10.1016/j.cell.2012.03.046.,Sosa BA,Cell,2012,2012-05-29,PMC3383001,https://doi.org/10.1016/j.cell.2012.03.046,10.1016/j.cell.2012.03.046
144,32104826,Intracellular delivery of a peptide nucleic acid-based hybrid of an autophagy inducing peptide with a cell-penetrating peptide,"Hakata Y, Ishikawa S, Ohtsuki T, Miyazawa M, Kitamatsu M.",Org Biomol Chem. 2020 Mar 11;18(10):1978-1986. doi: 10.1039/c9ob02559f.,Hakata Y,Org Biomol Chem,2020,2020-02-28,,https://doi.org/10.1039/c9ob02559f,10.1039/c9ob02559f
145,32119776,Rational Design of Small Molecules to Enhance Genome Editing Efficiency by Selectively Targeting Distinct Functional States of CRISPR-Cas12a,"Li W, Chan C, Zeng C, Turk R, Behlke MA, Cheng X, Dong Y.",Bioconjug Chem. 2020 Mar 18;31(3):542-546. doi: 10.1021/acs.bioconjchem.0c00062. Epub 2020 Mar 6.,Li W,Bioconjug Chem,2020,2020-03-03,PMC8192075,https://doi.org/10.1021/acs.bioconjchem.0c00062,10.1021/acs.bioconjchem.0c00062
146,32275408,Intracellular Photoactivation of Caspase-3 by Molecular Glues for Spatiotemporal Apoptosis Induction,"Hentzen NB, Mogaki R, Otake S, Okuro K, Aida T.",J Am Chem Soc. 2020 May 6;142(18):8080-8084. doi: 10.1021/jacs.0c01823. Epub 2020 Apr 14.,Hentzen NB,J Am Chem Soc,2020,2020-04-11,,https://doi.org/10.1021/jacs.0c01823,10.1021/jacs.0c01823
147,33206450,Activation of Aptamers with Gain of Function by Small-Molecule-Clipping of Intramolecular Motifs,"Huang M, Li T, Xu Y, Wei X, Song J, Lin B, Zhu Z, Song Y, Yang C.",Angew Chem Int Ed Engl. 2021 Mar 8;60(11):6021-6028. doi: 10.1002/anie.202013570. Epub 2021 Jan 27.,Huang M,Angew Chem Int Ed Engl,2021,2020-11-18,,https://doi.org/10.1002/anie.202013570,10.1002/anie.202013570
148,33442714,Non-genetic cell-surface modification with a self-assembling molecular glue,"Hakariya H, Takashima I, Takemoto M, Noda N, Sato SI, Uesugi M.",Chem Commun (Camb). 2021 Feb 15;57(12):1470-1473. doi: 10.1039/d0cc07171d.,Hakariya H,Chem Commun (Camb),2021,2021-01-14,,https://doi.org/10.1039/d0cc07171d,10.1039/d0cc07171d
149,33617988,SUMOylation of mitofusins: A potential mechanism for perinuclear mitochondrial congression in cells treated with mitochondrial stressors,"Kim C, Juncker M, Reed R, Haas A, Guidry J, Matunis M, Yang WC, Schwartzenburg J, Desai S.",Biochim Biophys Acta Mol Basis Dis. 2021 Jun 1;1867(6):166104. doi: 10.1016/j.bbadis.2021.166104. Epub 2021 Feb 19.,Kim C,Biochim Biophys Acta Mol Basis Dis,2021,2021-02-22,PMC8261867,https://doi.org/10.1016/j.bbadis.2021.166104,10.1016/j.bbadis.2021.166104
150,33713701,The DNA-binding protein HU is a molecular glue that attaches bacteria to extracellular DNA in biofilms,"Thakur B, Arora K, Gupta A, Guptasarma P.",J Biol Chem. 2021 Jan-Jun;296:100532. doi: 10.1016/j.jbc.2021.100532. Epub 2021 Mar 11.,Thakur B,J Biol Chem,2021,2021-03-13,PMC8063757,https://doi.org/10.1016/j.jbc.2021.100532,10.1016/j.jbc.2021.100532
151,21633979,Molecular-glue-triggered DNA assembly to form a robust and photoresponsive nano-network,"Wang C, Pu F, Lin Y, Ren J, Dohn C, Nakatani K, Qu X.",Chemistry. 2011 Jul 11;17(29):8189-94. doi: 10.1002/chem.201100194. Epub 2011 Jun 1.,Wang C,Chemistry,2011,2011-06-03,,https://doi.org/10.1002/chem.201100194,10.1002/chem.201100194
152,31819272,Structural basis of indisulam-mediated RBM39 recruitment to DCAF15 E3 ligase complex,"Bussiere DE, Xie L, Srinivas H, Shu W, Burke A, Be C, Zhao J, Godbole A, King D, Karki RG, Hornak V, Xu F, Cobb J, Carte N, Frank AO, Frommlet A, Graff P, Knapp M, Fazal A, Okram B, Jiang S, Michellys PY, Beckwith R, Voshol H, Wiesmann C, Solomon JM, Paulk J.",Nat Chem Biol. 2020 Jan;16(1):15-23. doi: 10.1038/s41589-019-0411-6. Epub 2019 Dec 9.,Bussiere DE,Nat Chem Biol,2020,2019-12-11,,,10.1038/s41589-019-0411-6
153,34424707,Photoreactive Molecular Glue for Enhancing the Efficacy of DNA Aptamers by Temporary-to-Permanent Conjugation with Target Proteins,"Kohata A, Ueki R, Okuro K, Hashim PK, Sando S, Aida T.",J Am Chem Soc. 2021 Sep 1;143(34):13937-13943. doi: 10.1021/jacs.1c06816. Epub 2021 Aug 23.,Kohata A,J Am Chem Soc,2021,2021-08-23,,https://doi.org/10.1021/jacs.1c06816,10.1021/jacs.1c06816
154,34740723,Barnase*Barstar-guided two-step targeting approach for drug delivery to tumor cells in vivo,"Shramova EI, Shilova MV, Ryabova AV, Dzhalilova DS, Zolotova NA, Telegin GB, Deyev SM, Proshkina GM.",J Control Release. 2021 Dec 10;340:200-208. doi: 10.1016/j.jconrel.2021.11.001. Epub 2021 Nov 2.,Shramova EI,J Control Release,2021,2021-11-06,,https://doi.org/10.1016/j.jconrel.2021.11.001,10.1016/j.jconrel.2021.11.001
155,35298895,Resolving the deceptive isoform and complex selectivity of HDAC1/2 inhibitors,"Payne NC, Mazitschek R.",Cell Chem Biol. 2022 Jul 21;29(7):1140-1152.e5. doi: 10.1016/j.chembiol.2022.03.002. Epub 2022 Mar 16.,Payne NC,Cell Chem Biol,2022,2022-03-17,,https://doi.org/10.1016/j.chembiol.2022.03.002,10.1016/j.chembiol.2022.03.002
156,35621186,N(6)-methyladenosine-modified RNA acts as a molecular glue that drives liquid-liquid phase separation in plants,"Lee HG, Kim J, Seo PJ.",Plant Signal Behav. 2022 Dec 31;17(1):2079308. doi: 10.1080/15592324.2022.2079308.,Lee HG,Plant Signal Behav,2022,2022-05-27,PMC9154792,https://doi.org/10.1080/15592324.2022.2079308,10.1080/15592324.2022.2079308
157,35879546,O-GlcNAcylation promotes pancreatic tumor growth by regulating malate dehydrogenase 1,"Zhu Q, Zhou H, Wu L, Lai Z, Geng D, Yang W, Zhang J, Fan Z, Qin W, Wang Y, Zhou R, Yi W.",Nat Chem Biol. 2022 Oct;18(10):1087-1095. doi: 10.1038/s41589-022-01085-5. Epub 2022 Jul 25.,Zhu Q,Nat Chem Biol,2022,2022-07-25,,https://doi.org/10.1038/s41589-022-01085-5,10.1038/s41589-022-01085-5
158,36602777,E3-Specific Degrader Discovery by Dynamic Tracing of Substrate Receptor Abundance,"Hanzl A, Barone E, Bauer S, Yue H, Nowak RP, Hahn E, Pankevich EV, Koren A, Kubicek S, Fischer ES, Winter GE.",J Am Chem Soc. 2023 Jan 18;145(2):1176-1184. doi: 10.1021/jacs.2c10784. Epub 2023 Jan 5.,Hanzl A,J Am Chem Soc,2023,2023-01-05,PMC9853857,https://doi.org/10.1021/jacs.2c10784,10.1021/jacs.2c10784
159,37282607,The high-light-induced protein SliP4 binds to NDH1 and photosystems facilitating cyclic electron transport and state transition in Synechocystis sp. PCC 6803,"Alvarenga-Lucius L, Linhartová M, Schubert H, Maaß S, Becher D, Hess WR, Sobotka R, Hagemann M.",New Phytol. 2023 Aug;239(3):1083-1097. doi: 10.1111/nph.18987. Epub 2023 Jun 6.,Alvarenga-Lucius L,New Phytol,2023,2023-06-07,,https://doi.org/10.1111/nph.18987,10.1111/nph.18987
160,37615580,Photoswitchable molecular glue for RNA: reversible photocontrol of structure and function of the ribozyme,"Dohno C, Kimura M, Fujiwara Y, Nakatani K.",Nucleic Acids Res. 2023 Oct 13;51(18):9533-9541. doi: 10.1093/nar/gkad690.,Dohno C,Nucleic Acids Res,2023,2023-08-24,PMC10570050,https://doi.org/10.1093/nar/gkad690,10.1093/nar/gkad690
161,37674084,Phosphoantigens glue butyrophilin 3A1 and 2A1 to activate Vγ9Vδ2 T cells,"Yuan L, Ma X, Yang Y, Qu Y, Li X, Zhu X, Ma W, Duan J, Xue J, Yang H, Huang JW, Yi S, Zhang M, Cai N, Zhang L, Ding Q, Lai K, Liu C, Zhang L, Liu X, Yao Y, Zhou S, Li X, Shen P, Chang Q, Malwal SR, He Y, Li W, Chen C, Chen CC, Oldfield E, Guo RT, Zhang Y.",Nature. 2023 Sep;621(7980):840-848. doi: 10.1038/s41586-023-06525-3. Epub 2023 Sep 6.,Yuan L,Nature,2023,2023-09-06,PMC10533412,https://doi.org/10.1038/s41586-023-06525-3,10.1038/s41586-023-06525-3
162,37724862,Evolution of the T4 phage virion is driven by selection pressure from non-bacterial factors,"Majewska J, Miernikiewicz P, Szymczak A, Kaźmierczak Z, Goszczyński TM, Owczarek B, Rybicka I, Ciekot J, Dąbrowska K.",Microbiol Spectr. 2023 Sep 19;11(5):e0011523. doi: 10.1128/spectrum.00115-23. Online ahead of print.,Majewska J,Microbiol Spectr,2023,2023-09-19,PMC10580926,https://doi.org/10.1128/spectrum.00115-23,10.1128/spectrum.00115-23
