Patent Number,Application Id,Application Number,Application Date,Country,Application Title,I P C
83,US42727238,11793916,20.12.2005,US,Engineering resistance to Pierce's disease by expression of a <i>Xyella fastidiosa </i>HecA-like hemagglutinin protein,A01H 5/00; C12N 15/09; C12N 15/82; C12N 1/21; C12N 1/21; C12N 1/21
84,WO2006069160,PCT/US2005/046395,20.12.2005,WO,ENGINEERING RESISTANCE TO PIERCE'S DISEASE BY EXPRESSION OF A XYLELLA FASTIDIOSA HECA-LIKE HEMAGGLUTININ PROTEIN,A01H 1/00
88,WO2007088406,PCT/IB2006/000275,01.02.2006,WO,USE OF DNA OR FRAGMENTS OR ANALOGS THEREOF AS A MOLECULAR GLUE,C12Q 1/68
97,US42644762,11915840,30.05.2006,US,Molecular Glue,C12P 21/00; C07K 14/44
98,CA94344255,2609552,30.05.2006,CA,MOLECULAR GLUE,C09J 189/00; A61K 39/02; C07K 14/195
99,WO2006128678,PCT/EP2006/005158,30.05.2006,WO,MOLECULAR GLUE,C09J 189/00; C07K 14/195; A61K 39/02
185,WO2014094539,PCT/CN2013/088478,04.12.2013,WO,基于分子胶的ABA型三嵌段共聚物及其合成、用途,C08G 81/00; C08J 3/07; A61K 47/34
264,US217775617,15821111,22.11.2017,US,METHODS AND COMPOSITIONS FOR THE DIAGNOSIS AND SELECTIVE TREATMENT OF CANCER,A61K 31/404; A61K 31/381; A61K 31/498; A61P 35/00; G01N 33/574
303,US318018205,17046973,12.04.2019,US,"E3 UBIQUITIN LIGASE AGONISTS, PHARMACEUTICAL COMPOSITIONS INCLUDING THE E3 UBIQUITIN LIGASE AGONISTS, RELATED METHODS OF USE",C07D 231/38; C07D 231/56
304,WO2019200310,PCT/US2019/027309,12.04.2019,WO,"E3 UBIQUITIN LIGASE AGONISTS, PHARMACEUTICAL COMPOSITIONS INCLUDING THE E3 UBIQUITIN LIGASE AGONISTS, RELATED METHODS OF USE",C07D 401/00; C07D 401/14
326,US336568730,17285698,16.10.2019,US,METHOD FOR IDENTIFYING A CHEMICAL COMPOUND OR AGENT INDUCING UBIQUITINATION OF A PROTEIN OF INTEREST,G01N 33/50
327,EP334739578,19786586,16.10.2019,EP,"VERFAHREN ZUR IDENTIFIZIERUNG EINER CHEMISCHEN VERBINDUNG ODER EINES MITTELS, DAS DIE UBIQUITINIERUNG EINES INTERESSIERENDEN PROTEINS INDUZIERT",G01N 33/50
328,WO2020079103,PCT/EP2019/078125,16.10.2019,WO,METHOD FOR IDENTIFYING A CHEMICAL COMPOUND OR AGENT INDUCING UBIQUITINATION OF A PROTEIN OF INTEREST,G01N 33/50
354,US370522722,17620394,23.06.2020,US,E3 LIGASE BINDERS AND USES THEREOF,C07D 487/04; C07D 401/04; A61P 35/00; A61P 35/02
355,WO2020263832,PCT/US2020/039145,23.06.2020,WO,E3 LIGASE BINDERS AND USES THEREOF,C07D 487/04; A61K 31/519
356,AU340505173,2020307544,23.06.2020,AU,E3 ligase binders and uses thereof,C07D 487/04; A61K 31/519
357,CA348243096,3144401,23.06.2020,CA,E3 LIGASE BINDERS AND USES THEREOF,C07D 487/04; A61K 31/519
368,US376433356,17641759,11.09.2020,US,FUSED CYCLIC COMPOUND CAPABLE OF DEGRADING PROTEIN AND USE THEREOF,C07D 405/04; C07D 405/14; C07D 413/04
369,CA358705895,3150653,11.09.2020,CA,FUSED CYCLIC COMPOUND CAPABLE OF DEGRADING PROTEIN AND USE THEREOF,C07D 405/04; A61K 31/4525; A61P 35/02; A61P 37/02; C07D 261/20; C07D 307/79; C07D 405/14
376,US395656930,17769811,16.10.2020,US,OXAZOLE AND THIOAZOLE-TYPE CULLIN RING UBIQUITIN LIGASE COMPOUNDS AND USES THEREOF,C07D 401/12; C07D 471/04; C07D 235/28; C07D 417/14; C07D 417/06
377,WO2021074414,PCT/EP2020/079264,16.10.2020,WO,OXAZOLE AND THIOAZOLE-TYPE CULLIN RING UBIQUITIN LIGASE COMPOUNDS AND USES THEREOF,A61P 3/00; A61K 31/4184; A61K 31/427; A61K 31/53; A61P 25/00; A61P 31/00; A61P 35/00; C07D 401/12; C07D 411/06; C07D 411/14; C07D 487/06
378,CA360699471,3157896,16.10.2020,CA,OXAZOLE AND THIOAZOLE-TYPE CULLIN RING UBIQUITIN LIGASE COMPOUNDS AND USES THEREOF,C07D 417/12; A61K 31/4184; A61K 31/427; A61K 31/437; A61K 31/4439; A61K 31/53; A61P 35/00; C07D 235/28; C07D 401/12; C07D 411/14; C07D 417/06; C07D 471/04; C12Q 1/02; C12Q 1/25
379,AU362974840,2020366135,16.10.2020,AU,Oxazole and thioazole-type cullin ring ubiquitin ligase compounds and uses thereof,A61P 3/00; A61K 31/4184; A61K 31/427; A61K 31/53; A61P 25/00; A61P 31/00; A61P 35/00; C07D 401/12; C07D 411/06; C07D 411/14; C07D 487/06
380,WO2021074418,PCT/EP2020/079268,16.10.2020,WO,CARBAZOLE-TYPE CULLIN RING UBIQUITIN LIGASE COMPOUNDS AND USES THEREOF,A61P 35/00; C07D 487/04; A61K 31/53
396,US395386846,17786161,16.12.2020,US,COMPOUNDS MODULATING PROTEIN RECRUITMENT AND/OR DEGRADATION,C07D 401/04; C07D 417/04; C07D 211/40; C07D 471/04; C07D 401/14; C07D 495/04; C07D 491/056; C07D 487/04; C07D 491/048; C07D 405/14; A61P 43/00
397,CA373084626,3162261,16.12.2020,CA,COMPOUNDS MODULATING PROTEIN RECRUITMENT AND/OR DEGRADATION,C07D 401/04; A61K 31/454; A61K 31/4545; A61K 31/4709; A61K 31/496; A61K 31/497; A61K 31/498; A61K 31/501; A61K 31/506; A61K 31/517; A61K 31/519; A61K 31/53; A61K 31/5377; A61P 35/00; A61P 37/06; C07D 209/48; C07D 211/88; C07D 235/26; C07D 239/54; C07D 401/12; C07D 401/14; C07D 403/04; C07D 405/14; C07D 409/04; C07D 417/04; C07D 471/04; C07D 471/10; C07D 473/00; C07D 487/04; C07D 491/044; C07D 491/056; C07D 491/08; C07D 491/107; C07D 519/00
398,WO2021126973,PCT/US2020/065303,16.12.2020,WO,COMPOUNDS MODULATING PROTEIN RECRUITMENT AND/OR DEGRADATION,A61K 31/506; A61K 45/06
399,AU366133379,2020404956,16.12.2020,AU,Compounds modulating protein recruitment and/or degradation,A61K 31/506; A61K 45/06
409,CN371144457,202080086519.X,18.12.2020,CN,作为抗癌化合物的CULLIN 3连接蛋白KBTBD4的调节剂,A61K 31/519; A61P 35/00
410,US393380183,17756972,18.12.2020,US,MODULATORS OF CULLIN 3 ADAPTOR KBTBD4 AS ANTI-CANCER COMPOUNDS,A61K 31/519; A61P 35/00
411,CA368127278,3164153,18.12.2020,CA,MODULATORS OF CULLIN 3 ADAPTOR KBTBD4 AS ANTI-CANCER COMPOUNDS,A61K 31/519; A61P 35/00
412,EP377264630,20903959,18.12.2020,EP,MODULATOREN VON CULLIN-3-ADAPTER KBTBD4 ALS VERBINDUNGEN GEGEN KREBS,A61K 31/519; A61P 35/00
413,WO2021119834,PCT/CA2020/051755,18.12.2020,WO,MODULATORS OF CULLIN 3 ADAPTOR KBTBD4 AS ANTI-CANCER COMPOUNDS,A61K 31/519; A61P 35/00
414,AU366988955,2020409437,18.12.2020,AU,Modulators of Cullin 3 adaptor KBTBD4 as anti-cancer compounds,A61K 31/519; A61P 35/00
417,US415370624,17791364,08.01.2021,US,SMALL MOLECULE MODULATORS OF KSR-BOUND MEK,A61K 31/519
418,WO2021142345,PCT/US2021/012808,08.01.2021,WO,SMALL MOLECULE MODULATORS KSR-BOUND MEK,C07K 16/00; C12Q 1/68; G01N 33/00
428,US396244029,17908422,02.03.2021,US,NEW INHIBITORS FOR THE KEAP1-NRF2 PROTEIN-PROTEIN INTERACTION,A61K 31/655; A61K 31/341; A61K 31/196; A61K 31/53; A61K 31/55; A61K 31/454; A61K 31/421; A61K 31/635; A61K 31/4245; A61K 31/50; A61K 31/437; A61K 31/4709; A61K 31/4155; A61K 31/351; A61K 31/422; A61K 31/18; A61K 31/4192; A61K 31/433; A61K 31/4375; A61K 31/5513; A61K 31/47; A61K 31/4985; A61K 31/473; A61K 31/5025; A61K 31/506; A61K 31/366; A61K 31/44; A61K 31/4439; A61K 31/4725; A61K 31/403; A61K 31/4184; A61K 31/5377; A61K 31/538; A61K 31/41; A61K 31/498; A61K 31/502
429,WO2021178355,PCT/US2021/020389,02.03.2021,WO,NEW INHIBITORS FOR THE KEAP1-NRF2 PROTEIN-PROTEIN INTERACTION,A61K 31/35; A61K 31/352; C07D 311/04; C07D 493/04
456,WO2021239117,PCT/CN2021/096782,28.05.2021,WO,MODIFIED PROTEINS AND PROTEIN DEGRADERS,C07K 19/00
493,US392323772,17496628,07.10.2021,US,MODIFIED PROTEINS AND PROTEIN DEGRADERS,A61K 47/64; A61K 47/54
457,WO2021249517,PCT/CN2021/099517,10.06.2021,WO,A MOLECULAR GLUE REGULATING CDK12-DDB1 INTERACTION TO TRIGGER CYCLIN K DEGRADATION,C07D 403/12; C07D 417/02; C07D 417/12; C07D 283/02; C07D 285/01; C07D 247/02; A61K 31/426; A61P 35/00
462,AU392362214,2021314401,20.07.2021,AU,"Sulfur-containing isoindoline derivative, and preparation method therefor and medical use thereof",C07D 401/14; A61K 31/454; A61P 35/00
463,US404726884,18017388,20.07.2021,US,"SULFUR-CONTAINING ISOINDOLINE DERIVATIVE, AND PREPARATION METHOD THEREFOR AND MEDICAL USE THEREOF",C07D 401/14; A61P 35/00
464,CA393084664,3184711,20.07.2021,CA,"SULFUR-CONTAINING ISOINDOLINE DERIVATIVE, AND PREPARATION METHOD THEREFOR AND MEDICAL USE THEREOF",C07D 401/14; A61K 31/454
465,EP398489958,21847148,20.07.2021,EP,SCHWEFELHALTIGES ISOINDOLINDERIVAT UND HERSTELLUNGSVERFAHREN DAFÜR UND MEDIZINISCHE VERWENDUNG DAVON,C07D 401/14; A61K 31/454; A61K 45/06; A61P 35/00; C07D 205/04; C07D 207/12; C07D 211/54; C07D 401/12; C07D 403/12
473,WO2022035804,PCT/US2021/045317,10.08.2021,WO,SUBSTITUTED 3-AMINO-4-METHYLBENZENESULFONAMIDES AS SMALL MOLECULE INHIBITORS OF UBIQUITIN-SPECIFIC PROTEASE 28,C07C 311/39; C07C 311/44; C07C 317/40; C07D 233/61; C07D 235/10; C07D 295/135; C07D 295/15; C07D 295/26; A61P 35/00; C07C 233/66
474,AU393406673,2021324967,10.08.2021,AU,Substituted 3-amino-4-methylbenzenesulfonamides as small molecule inhibitors of ubiquitin-specific protease 28,C07C 311/39; A61P 35/00; C07C 233/66; C07C 311/44; C07C 317/40; C07D 233/61; C07D 235/10; C07D 295/135; C07D 295/15; C07D 295/26
475,CA393085348,3191166,10.08.2021,CA,SUBSTITUTED 3-AMINO-4-METHYLBENZENESULFONAMIDES AS SMALL MOLECULE INHIBITORS OF UBIQUITIN-SPECIFIC PROTEASE 28,C07C 311/46; A61K 31/18; A61K 31/4164; A61K 31/4184; A61K 31/4453; A61K 31/495; A61P 35/00; C07D 233/61; C07D 235/10; C07D 295/135; C07D 295/15; C07D 295/26
484,US406091222,18020492,10.08.2021,US,SUBSTITUTED 3-AMINO-4-METHYLBENZENESULFONAMIDES AS SMALL MOLECULE INHIBITORS OF UBIQUITIN-SPECIFIC PROTEASE 28,C07C 311/46; C07C 317/26; C07D 295/26; C07D 295/12; C07D 233/58; C07C 233/65; C07D 235/06
476,AU393406676,2021325872,10.08.2021,AU,"Substituted 1,2,4-oxadiazoles as small molecule inhibitors of ubiquitin-specific protease 28",C07D 231/54; A61K 31/4155; A61K 31/4196; A61K 31/42; A61K 31/4245; A61P 35/00; C07D 271/06; C07D 401/04; C07D 413/04; C07D 413/14
477,US405661127,18020493,10.08.2021,US,"SUBSTITUTED 1,2,4-OXADIAZOLES AS SMALL MOLECULE INHIBITORS OF UBIQUITIN-SPECIFIC PROTEASE 28",C07D 413/04; C07D 413/14; C07D 413/06; C07D 413/12
478,WO2022035805,PCT/US2021/045319,10.08.2021,WO,"SUBSTITUTED 1,2,4-OXADIAZOLES AS SMALL MOLECULE INHIBITORS OF UBIQUITIN-SPECIFIC PROTEASE 28",C07D 231/54; C07D 271/06; C07D 401/04; C07D 413/04; C07D 413/14; A61K 31/4245; A61P 35/00; A61K 31/4155; A61K 31/4196; A61K 31/42
479,CA393085347,3191164,10.08.2021,CA,"SUBSTITUTED 1,2,4-OXADIAZOLES AS SMALL MOLECULE INHIBITORS OF UBIQUITIN-SPECIFIC PROTEASE 28",C07D 413/04; A61K 31/4155; A61K 31/422; A61K 31/4245; A61K 31/4439; A61K 31/444; A61K 31/454; A61K 31/496; A61K 31/5377; A61K 31/538; A61P 35/00; A61P 35/02; C07D 271/06; C07D 401/04; C07D 413/14
480,CA393085346,3191163,10.08.2021,CA,FUSED TRICYCLIC PYRIMIDINE-THIENO-PYRIDINE SMALL MOLECULE INHIBITORS OF UBIQUITIN-SPECIFIC PROTEASE 28,A61K 31/4365; A61K 31/519; A61K 31/5377; A61P 35/00; C07D 487/04; C07D 493/04; C07D 495/04; C07D 495/14
481,AU393406678,2021326457,10.08.2021,AU,Fused tricyclic pyrimidine-thieno-pyridine small molecule inhibitors of ubiquitin-specific protease 28,C07D 493/04; A61K 31/4365; A61P 35/00; C07D 487/04; C07D 495/04; C07D 495/14
482,WO2022035806,PCT/US2021/045321,10.08.2021,WO,FUSED TRICYCLIC PYRIMIDINE-THIENO-PYRIDINE SMALL MOLECULE INHIBITORS OF UBIQUITIN-SPECIFIC PROTEASE 28,C07D 493/04; C07D 495/04; C07D 495/14; A61P 35/00; A61K 31/4365; C07D 487/04
483,US414435682,18020486,10.08.2021,US,FUSED TRICYCLIC PYRIMIDINE-THIENO-PYRIDINE SMALL MOLECULE INHIBITORS OF UBIQUITIN-SPECIFIC PROTEASE 28,C07D 495/14; C07D 495/04; C07D 491/048; C07D 471/04
489,CA395725769,3196278,23.09.2021,CA,"SUBSTITUTED N-(2-(2,6-DIOXOPIPERIDIN-3-YL)-1,3-DIOXOISOINDOLIN-5-YL)ARYLSULFONAMIDE ANALOGS AS MODULATORS OF CEREBLON PROTEIN",C07D 401/04; A61K 31/403; A61K 31/4035; A61P 35/00
490,WO2022066835,PCT/US2021/051648,23.09.2021,WO,"SUBSTITUTED N-(2-(2,6-DIOXOPIPERIDIN-3-YL)-1,3-DIOXOISOINDOLIN-5-YL)ARYLSULFONAMIDE ANALOGS AS MODULATORS OF CEREBLON PROTEIN",C07D 401/04; A61K 31/403; A61K 31/4035; A61P 35/00
491,WO2022073469,PCT/CN2021/122530,07.10.2021,WO,COMPOUNDS AND METHODS OF TREATING CANCERS,C07D 401/14; C07D 401/04; A61K 31/454; A61K 31/535; A61P 35/00
492,US422374359,18248035,07.10.2021,US,COMPOUNDS AND METHODS OF TREATING CANCERS,A61K 31/498; A61K 31/4545; A61K 31/454; A61K 31/5025; A61K 31/497; A61K 45/06; A61P 35/00
509,CA397830190,3194868,15.10.2021,CA,HETEROCYCLIC CULLIN RING UBIQUITIN LIGASE COMPOUNDS AND USES THEREOF,C07D 213/74; C07D 213/75; C07D 277/46; C07D 401/12; C07D 403/12; C07D 405/12; C07D 417/12; C07D 471/04; C07D 513/04
510,US428011479,18249114,15.10.2021,US,HETEROCYCLIC CULLIN RING UBIQUITIN LIGASE COMPOUNDS AND USES THEREOF,C07D 417/12; A61P 31/02; C07D 213/75; C07D 405/12; C07D 417/14; C07D 471/04
511,WO2022079290,PCT/EP2021/078696,15.10.2021,WO,HETEROCYCLIC CULLIN RING UBIQUITIN LIGASE COMPOUNDS AND USES THEREOF,C07D 213/74; C07D 213/75; C07D 277/46; C07D 401/12; C07D 403/12; C07D 405/12; C07D 417/12; C07D 471/04; C07D 513/04; A61P 3/00; A61P 25/00; A61P 31/00; A61P 35/00; A61K 31/4155; A61K 31/427
512,AU398158465,2021359129,15.10.2021,AU,HETEROCYCLIC CULLIN RING UBIQUITIN LIGASE COMPOUNDS AND USES THEREOF,C07D 213/74; A61K 31/4155; A61K 31/427; A61P 3/00; A61P 25/00; A61P 31/00; A61P 35/00; C07D 213/75; C07D 277/46; C07D 401/12; C07D 403/12; C07D 405/12; C07D 417/12; C07D 471/04; C07D 513/04
527,WO2022152821,PCT/EP2022/050699,13.01.2022,WO,ISOINDOLINONE COMPOUNDS,C07D 401/04; C07D 401/14; C07D 405/14; C07D 413/14; C07D 417/14; A61P 35/00; A61K 31/4439
528,CA404802873,3208313,13.01.2022,CA,ISOINDOLINONE COMPOUNDS,C07D 401/04; A61K 31/4439; A61P 35/00; C07D 401/14; C07D 405/14; C07D 413/14; C07D 417/14
545,US430997273,18275382,01.02.2022,US,SULFONAMIDE SUBSTITUTED N-(1H-INDOL-7-YL)BENZENESULFONAMIDES AND USES THEREOF,C07D 209/40; C07D 401/12; C07D 403/12; C07D 405/12; C07D 471/04; C07D 471/18; C07D 487/04; C07D 487/10; C07D 498/10
546,WO2022169755,PCT/US2022/014723,01.02.2022,WO,SULFONAMIDE SUBSTITUTED N-(1H-INDOL-7-YL)BENZENESULFONAMIDES AND USES THEREOF,C07D 209/30; C07D 401/12; C07D 403/14; C07D 405/12; C07D 409/12; C07D 413/12; C07D 417/12; C07D 471/04; C07D 487/04; C07D 487/08; C07D 487/10; C07D 498/10; A61P 35/00; A61K 31/404
551,US440277548,18276433,09.02.2022,US,AMIDE AND ETHER SUBSTITUTED N-(1H-INDOL-7-YL)BENZENESULFONAMIDES AND USES THEREOF,C07D 209/30; A61K 31/404; A61K 31/4155; A61K 31/4178; A61K 31/4184; A61K 31/4192; A61K 31/4196; A61K 31/423; A61K 31/4245; A61K 31/437; A61K 31/438; A61K 31/4439; A61K 31/454; A61K 31/4545; A61K 31/4709; A61K 31/496; A61K 31/497; A61K 31/506; A61K 31/5377; A61K 31/5386; A61K 31/55; C07D 401/12; C07D 401/14; C07D 403/12; C07D 403/14; C07D 405/12; C07D 409/12; C07D 413/12; C07D 471/04; C07D 491/107; C07D 498/10
552,WO2022173805,PCT/US2022/015786,09.02.2022,WO,AMIDE AND ETHER SUBSTITUTED N-(1H-INDOL-7-YL)BENZENESULFONAMIDES AND USES THEREOF,C07D 209/30; C07D 401/12; C07D 401/14; C07D 403/12; C07D 405/12; C07D 409/12; C07D 413/12; C07D 491/10; A61P 35/00; A61K 31/404
558,WO2022199627,PCT/CN2022/082548,23.03.2022,WO,POLYCYCLIC COMPOUNDS AND USES THEREOF,C07D 487/04; A61K 31/519; A61P 35/00; A61P 35/02; A61P 35/04
571,WO2022221413,PCT/US2022/024624,13.04.2022,WO,E3 LIGASE BINDERS AND USES THEREOF,C07D 209/34; A61K 31/4468; C07D 211/88; C07D 401/12; C07D 403/12; C07D 487/04; C07D 495/14; A61K 31/551; A61K 31/522; A61K 31/4015; A61K 31/45; A61P 35/00
572,WO2022219407,PCT/IB2022/000215,14.04.2022,WO,ISOINDOLINONE COMPOUNDS,C07D 401/04; C07D 401/14; C07D 405/04; A61P 35/00; A61K 31/4439; A61K 31/444
573,WO2022219412,PCT/IB2022/000223,14.04.2022,WO,ISOINDOLINONE AMIDE COMPOUNDS USEFUL TO TREAT DISEASES ASSOCIATED WITH GSPT1,C07D 401/04; C07D 401/14; C07D 405/14; C07D 417/14; C07D 491/052; A61K 31/4439; A61P 35/00
576,US372935669,17740148,09.05.2022,US,"SUBSTITUTED N-(2-(2,6-DIOXOPIPERIDIN-3-YL)-1,3-DIOXOISOINDOLIN-5-YL)ARYLSULFONAMIDE ANALOGS AS MODULATORS OF CEREBLON PROTEIN",C07D 401/04; A61K 31/45; A61K 45/06; C07D 405/14; C07D 413/14; C07D 409/14; A61P 35/00; A61P 35/02
577,CN368050048,202210502251.4,10.05.2022,CN,基于TIP-1-多肽相互作用的新型分子胶水,C07K 14/47; C07K 7/06; C07K 1/10
593,MX410033342,2022007278,13.06.2022,MX,MODULADORES DEL ADAPTADOR KBTBD4 DE CULLIN 3 COMO COMPUESTOS ANTI-CÁNCER.,A61K 31/519
594,WO2022263604,PCT/EP2022/066504,16.06.2022,WO,"SUBSTITUTED PYRAZOLO[1,5-A]PYRIMIDINE-7-AMINE COMPOUNDS AS CDK INHIBITORS AND THEIR THERAPEUTIC USE",A61P 35/00; C07D 487/04; C07D 519/00; A61K 31/519
595,US443002361,18569519,16.06.2022,US,"SUBSTITUTED PYRAZOLO [1,5-A]PYRIMIDINE-7-AMINE COMPOUNDS AS CDK INHIBITORS AND THEIR THERAPEUTIC USE",C07D 487/04; A61K 31/519; A61K 31/5377; C07D 519/00
596,CA414599326,3219002,16.06.2022,CA,"SUBSTITUTED PYRAZOLO[1,5-A]PYRIMIDINE-7-AMINE COMPOUNDS AS CDK INHIBITORS AND THEIR THERAPEUTIC USE",C07D 487/04; A61K 31/519; A61P 35/00; C07D 519/00
597,AU419351462,2022294054,16.06.2022,AU,"SUBSTITUTED PYRAZOLO[1,5-A]PYRIMIDINE-7-AMINE COMPOUNDS AS CDK INHIBITORS AND THEIR THERAPEUTIC USE",A61P 35/00; A61K 31/519; C07D 487/04; C07D 519/00
599,CN373557572,202210718493.7,23.06.2022,CN,大萼变型甲素的新应用,A61K 31/366; A61K 36/53; A61P 35/00
600,US438545278,18572491,27.06.2022,US,"COMPOUNDS AND METHODS FOR DEGRADING RCOR1, LSD1, HDAC1 AND HDAC2 IN THE COREST",A61K 31/505; A61K 31/166; A61K 31/24; A61P 35/00
604,US442160501,18573967,28.06.2022,US,AMIDE COMPOUND AND USE THEREOF,C07D 401/04; A61K 31/454; A61K 31/4545; A61K 31/496; A61K 31/517; A61K 31/675; A61K 31/685; A61K 31/695; C07D 401/14; C07D 405/12; C07D 409/14; C07D 413/14; C07D 417/14; C07D 471/04; C07F 7/08; C07F 7/10; C07F 9/6558; C07F 9/6574
605,EP428692127,22832059,28.06.2022,EP,AMIDVERBINDUNG UND VERWENDUNG DAVON,C07D 401/04; A61K 31/454; A61K 31/4545; A61P 35/00; C07D 401/14
608,WO2023288305,PCT/US2022/073782,15.07.2022,WO,SMALL MOLECULE CYCLIN DEPENDENT KINASE 4/6 (CDK4/6) AND IKZF2 (HELIOS) DEGRADERS AND METHODS OF USE THEREOF,A61K 31/519; C07D 471/04; C07D 487/04
609,CA412654106,3217661,15.07.2022,CA,SMALL MOLECULE CYCLIN DEPENDENT KINASE 4/6 (CDK4/6) AND IKZF2 (HELIOS) DEGRADERS AND METHODS OF USE THEREOF,A61K 31/519; C07D 471/04; C07D 487/04
610,AU412654479,2022311961,15.07.2022,AU,SMALL MOLECULE CYCLIN DEPENDENT KINASE 4/6 (CDK4/6) AND IKZF2 (HELIOS) DEGRADERS AND METHODS OF USE THEREOF,A61K 31/519; C07D 471/04; C07D 487/04
611,US442710211,18577531,15.07.2022,US,SMALL MOLECULE CYCLIN DEPENDENT KINASE 4/6 (CDK4/6) AND IKZF2 (HELIOS) DEGRADERS AND METHODS OF USE THEREOF,C07D 471/04; A61K 31/4439; A61K 47/54; A61K 47/55; C07D 403/14
613,WO2023014296,PCT/SG2022/050551,02.08.2022,WO,MOLECULAR GLUE AND SALL4 DEGRADER,A61K 31/17; A61K 31/165; A61K 31/416; A61K 31/4162; A61K 31/4188; A61K 31/423; A61K 31/428; A61K 31/357; A61K 31/433; A61P 35/00
614,EP431008095,22853619,02.08.2022,EP,MOLEKULARER KLEBSTOFF UND SALL4-ABBAUER,A61K 31/17; A61K 31/165; A61K 31/357; A61K 31/416; A61K 31/4162; A61K 31/4188; A61K 31/423; A61K 31/428; A61K 31/433; A61P 35/00
615,US440653542,18293684,02.08.2022,US,MOLECULAR GLUE AND SALL4 DEGRADER,A61K 31/433; A61K 31/17; A61K 31/381; A61K 31/4196; A61K 31/423; A61K 31/428; A61K 31/4545; A61K 31/47; A61P 35/00
622,US442160538,18686748,25.08.2022,US,CYCLIN K DEGRADER,C07D 413/14; A61K 31/506; A61K 31/5377; A61K 31/675; A61P 35/00; C07D 401/12; C07D 401/14; C07D 405/12; C07D 405/14; C07D 409/14; C07F 9/6558
623,EP431011622,22860571,25.08.2022,EP,CYCLIN-K-ABBAUMITTEL,C07D 401/12; A61K 31/506; A61P 29/00; A61P 31/12; A61P 35/00; A61P 37/00; C07D 401/14; C07D 405/12; C07D 405/14; C07D 471/04
626,US442162808,18688519,31.08.2022,US,COMPOSITIONS AND METHODS FOR TARGETED DEGRADATION OF PROTEINS IN A PLANT CELL,A01H 3/04; A01N 43/40; A01N 43/60; A01N 43/78; A01N 43/84; A01N 43/90
627,WO2023034411,PCT/US2022/042198,31.08.2022,WO,COMPOSITIONS AND METHODS FOR TARGETED DEGRADATION OF PROTEINS IN A PLANT CELL,A01N 41/10; A01N 43/40; A01N 43/76; A01N 43/90; A61P 35/00; C07D 403/14; C07D 407/14; C07D 417/14; C12N 9/00
643,US438191172,18681173,14.09.2022,US,TRICYCLIC SULTAMS AND SULFAMIDES AS ANTITUMOR AGENTS,C07D 513/04; A61K 31/542; A61K 31/549
652,US444087618,18695529,30.09.2022,US,BINDERS OF CEREBLON AND METHODS OF USE THEREOF,C07D 401/14; A61K 31/454; A61K 31/506; C07D 401/04
653,WO2023056443,PCT/US2022/077385,30.09.2022,WO,BINDERS OF CEREBLON AND METHODS OF USE THEREOF,A61K 31/33; A61K 31/435; A61K 31/4545
655,US443648590,18698401,07.10.2022,US,TRICYCLIC SULFAMIDES AND SULTAMS,C07D 513/04; A61K 31/549
656,WO2023064152,PCT/US2022/045960,07.10.2022,WO,TRICYCLIC SULFAMIDES AND SULTAMS,C07D 285/16; A61K 31/433; A61P 35/00; C07D 513/02
657,WO2023059899,PCT/US2022/046088,07.10.2022,WO,FUSED BICYCLIC SUBSTITUTED N-(1H-INDOL-7-YL)BENZENESULFONAMIDES AND USES THEREOF,C07D 209/30; C07D 209/38; C07D 401/12; C07D 403/12; C07D 405/12; C07D 409/12; C07D 413/12; C07D 417/12; C07D 513/04; A61P 43/00; A61K 31/404; A61K 31/428; A61K 31/423; A61K 31/4184; A61K 31/4704; A61K 31/47; A61K 31/55; A61K 31/553; A61K 31/554; A61K 31/5415; A61K 31/536
658,US444649542,18699461,07.10.2022,US,FUSED BICYCLIC SUBSTITUTED N-(1H-INDOL-7-YL)BENZENESULFONAMIDES AND USES THEREOF,C07D 403/12; A61K 31/404; A61K 31/4184; A61K 31/423; A61K 31/428; A61K 31/4365; A61K 31/4709; A61K 31/4725; A61K 31/517; A61K 31/536; A61K 31/538; A61K 31/5383; A61K 31/5415; A61K 31/55; A61K 31/553; A61K 31/554; C07D 209/30; C07D 409/12; C07D 413/12; C07D 417/12; C07D 495/04; C07D 498/04
659,CA427285372,3234615,13.10.2022,CA,MODIFIED PROTEINS AND PROTEIN DEGRADERS,C07D 471/04; C07D 401/14; C07D 409/14; C07D 417/14; C07D 487/04; C07D 487/14; C07D 495/14
660,AU428432233,2022362494,13.10.2022,AU,MODIFIED PROTEINS AND PROTEIN DEGRADERS,C07D 471/04; A61P 35/00; C07D 401/14; C07D 409/14; C07D 417/14; C07D 487/04; C07D 487/14; C07D 495/14
661,WO2023061440,PCT/CN2022/125080,13.10.2022,WO,MODIFIED PROTEINS AND PROTEIN DEGRADERS,C07D 471/04; C07D 417/14; C07D 409/14; C07D 401/14; C07D 495/14; C07D 487/14; C07D 487/04; A61P 35/00
662,AU428412200,2022370021,20.10.2022,AU,"CRBN E3 LIGASE LIGAND COMPOUND, PROTEIN DEGRADING AGENT DEVELOPED ON THE BASIS OF LIGAND COMPOUND, AND THEIR APPLICATIONS",C07D 403/14; A61K 31/4035; A61K 31/4439; A61P 5/00; A61P 9/00; A61P 11/00; A61P 31/00; A61P 35/00; A61P 37/00
663,CA427789359,3235512,20.10.2022,CA,"CRBN E3 LIGASE LIGAND COMPOUND, PROTEIN DEGRADER DEVELOPED BASED THEREON AND THEIR APPLICATIONS",C07D 403/14; A61K 31/4035; A61K 31/4439
664,EP437777556,22882955,20.10.2022,EP,"CRBN-E3-LIGASE-LIGANDVERBINDUNG, AUF DER BASIS DER LIGANDENVERBINDUNG ENTWICKELTES PROTEINABBAUENDES MITTEL UND ANWENDUNGEN DAVON",C07D 403/14; A61K 31/4035; A61K 31/4439; A61P 5/00; A61P 9/00; A61P 11/00; A61P 31/00; A61P 35/00; A61P 37/00
665,WO2023069731,PCT/US2022/047454,21.10.2022,WO,COMPOUNDS THAT MEDIATE PROTEIN DEGRADATION AND METHODS OF USE THEREOF,C07D 401/10; C07D 401/14; C07D 405/14; A61P 35/00; A61P 35/02; A61K 31/45
667,WO2023069720,PCT/US2022/047437,21.10.2022,WO,COMPOUNDS THAT MEDIATE PROTEIN DEGRADATION AND METHODS OF USE THEREOF,A61P 35/00; C07D 401/04; C07D 401/14; C07D 405/14; C07D 409/14; C07D 413/14; A61K 31/45
669,WO2023069708,PCT/US2022/047421,21.10.2022,WO,COMPOUNDS THAT MEDIATE PROTEIN DEGRADATION AND USES THEREOF,C07D 401/10; C07D 401/14; C07D 491/08; C07D 491/107; C07D 405/14; A61P 35/00; A61K 31/45
670,WO2023069700,PCT/US2022/047410,21.10.2022,WO,COMPOUNDS THAT MEDIATE PROTEIN DEGRADATION AND METHODS OF USE THEREOF,A61P 35/00; C07D 401/04; C07D 401/14; C07D 405/14; C07D 413/14; C07D 417/14; A61K 31/45
674,WO2023081224,PCT/US2022/048725,02.11.2022,WO,"SUBSTITUTED N-((2-(2,6-DIOXOPIPERIDIN-3-YL)-1-OXOISOINDOLIN-4- YL)METHYL)BENZAMIDE ANALOGS AS MODULATORS OF CEREBLON PROTEIN",A61K 31/454; C07D 401/04; A61P 35/00; A61P 37/00
675,WO2024096753,PCT/PL2022/000063,02.11.2022,WO,NEK7 DEGRADERS AND METHODS OF USE THEREOF,C07D 401/14; C07D 405/14; A61P 35/00; A61P 37/00; A61K 31/4545
680,WO2023096822,PCT/US2022/050325,17.11.2022,WO,"SUBSTITUTED 2-(2-(2,6-DIOXOPIPERIDIN-3-YL)-1-OXOISOINDOLIN-5-YL)ACETAMIDE ANALOGS AS MODULATORS OF GSPT1 AND/OR IKZF1 PROTEIN",A61K 31/33; A61K 31/395; A61K 31/40
689,WO2023129332,PCT/US2022/051591,01.12.2022,WO,COVALENT MOLECULAR GLUE STABILIZERS AND PLATFORM,G01N 33/68; C07D 403/04; C07D 487/10; G01N 33/542
690,EP441043191,22903574,08.12.2022,EP,"LIGANDENVERBINDUNGEN FÜR E3-UBIQUITIN-LIGASE, AUF DER BASIS VON LIGANDENVERBINDUNGEN ENTWICKELTE PROTEINABBAUER UND VERWENDUNGEN DAVON",C07D 487/04; A61K 31/4035; A61K 31/44; A61K 31/4412; A61K 31/496; A61K 31/506; A61P 35/00; C07D 209/46; C07D 227/093; C07D 237/08; C07D 401/12; C07D 401/14; C07D 413/14; C07D 498/22
691,AU433687091,2022405474,08.12.2022,AU,"E3 UBIQUITIN LIGASE LIGAND COMPOUND, PROTEIN DEGRADER DEVELOPED BASED THEREON AND THEIR APPLICATIONS",C07D 487/04; A61K 31/4035; A61K 31/44; A61K 31/4412; A61K 31/496; A61K 31/506; A61P 35/00; C07D 209/46; C07D 227/093; C07D 237/08; C07D 401/12; C07D 401/14; C07D 413/14; C07D 498/22
705,WO2024167423,PCT/PL2023/000008,07.02.2023,WO,GSPT1 DEGRADER COMPOUNDS,C07D 401/04; C07D 401/14; C07D 405/14; C07D 409/14; C07D 413/14; A61P 35/00; A61K 31/4709
721,CN426586117,202310332612.X,31.03.2023,CN,一种基于分子胶原理降解Hsp90的化合物、其制备方法及其在治疗肿瘤中的应用,C07D 401/04; C07D 401/14; A61P 35/00
722,AU442360745,2023249084,06.04.2023,AU,COMPOUNDS AND METHODS OF TREATING CANCERS,C07D 401/14; A61K 31/496; A61P 35/00
723,WO2023193760,PCT/CN2023/086579,06.04.2023,WO,COMPOUNDS AND METHODS OF TREATING CANCERS,C07D 401/14; A61P 35/00; A61K 31/496
732,WO2023203174,PCT/EP2023/060375,20.04.2023,WO,HETEROCYCLIC CULLIN RING UBIQUITIN LIGASE COMPOUNDS AND USES THEREOF,C07D 471/04; A61P 3/00; A61P 25/00; A61P 31/00; A61P 35/00; A61K 31/437
734,WO2023203172,PCT/EP2023/060372,20.04.2023,WO,HETEROCYCLIC CULLIN RING UBIQUITIN LIGASE COMPOUNDS AND USES THEREOF,C07D 403/12; A61P 3/00; A61P 25/00; A61P 31/00; A61P 35/00; A61K 31/4155
754,WO2023239629,PCT/US2023/024397,05.06.2023,WO,COMPOUNDS AND PHARMACEUTICAL COMPOSITIONS THAT DEGRADE CDK2,C07D 401/14; C07D 413/14; C07D 471/10; C07D 491/10; A61P 1/00; A61P 25/00; A61P 11/00; A61P 35/00; A61P 37/00; A61K 31/4155
757,WO2023237116,PCT/CN2023/099547,09.06.2023,WO,PROTEIN DEGRADERS AND USES THEREOF,C07D 401/14; C07D 413/14; C07D 419/14; A61K 31/4427; A61P 35/00; A61P 35/02; A61P 37/02; A61P 29/00
761,WO2023244815,PCT/US2023/025589,16.06.2023,WO,MOLECULAR GLUE DEGRADERS AND METHODS OF USING THE SAME,C07D 401/14; C07D 405/14; C07D 417/14; C07D 471/04; C07D 487/18; C07D 491/20; A61P 35/00; A61K 31/4439
762,WO2023244817,PCT/US2023/025591,16.06.2023,WO,SUBSTITUTED PIPERIDINES AS CK1A DEGRADERS,C07D 401/14; C07D 405/14; A61P 35/00; A61K 31/454
763,WO2023244818,PCT/US2023/025593,16.06.2023,WO,MOLECULAR GLUE DEGRADERS AND METHODS OF USING THE SAME,C07D 401/04; C07D 401/14; C07D 413/14; C07D 417/14; A61P 35/00; A61K 31/4439
764,WO2023244806,PCT/US2023/025576,16.06.2023,WO,COMPOUNDS AND PHARMACEUTICAL COMPOSITIONS THAT DEGRADE SWI/SNF-RELATED MATRIX-ASSOCIATED ACTIN-DEPENDENT REGULATOR OF CHROMATIN SUBFAMILY A,C07D 403/14; C07D 405/14; C07D 471/08; C07D 471/10; A61P 35/00; C07D 471/14; C07D 487/04; C07D 491/08; C07D 491/107; C07D 519/00
766,US444651037,18339429,22.06.2023,US,METHODS OF IDENTIFYING COMPOUNDS FOR INDUCING PROTEIN-PROTEIN INTERACTION,G01N 33/68; G01N 33/58
767,CN427800150,202310751781.7,25.06.2023,CN,一种核酸适体在制备分子胶蛋白降解剂中的应用,C12N 15/115; A61K 47/54; A61P 35/00; G01N 33/68; G01N 33/574
768,AU444111654,2023298135,29.06.2023,AU,WEE1 DEGRADING COMPOUNDS AND USES THEREOF,C07D 401/14; A61K 31/4545; A61K 31/4709; A61K 31/4725; A61K 31/497; A61K 31/498; A61K 31/502; A61K 31/517; A61K 31/5377; A61K 31/538; A61K 31/5386; A61P 35/00; C07D 405/14; C07D 413/14; C07D 417/14; C07D 471/04; C07D 491/048; C07D 491/052; C07D 491/08; C07D 491/107; C07D 498/08
769,WO2024006881,PCT/US2023/069331,29.06.2023,WO,WEE1 DEGRADING COMPOUNDS AND USES THEREOF,C07D 401/14; C07D 405/14; C07D 413/14; C07D 417/14; C07D 471/04; C07D 491/048; C07D 491/052; C07D 491/08; C07D 491/107; C07D 498/08; A61P 35/00; A61K 31/4709; A61K 31/517; A61K 31/5377; A61K 31/4545; A61K 31/498; A61K 31/4725; A61K 31/502; A61K 31/538; A61K 31/5386; A61K 31/497
772,WO2024015855,PCT/US2023/070048,12.07.2023,WO,COMBINATION THERAPY COMPRISING GSPT1-DIRECTED MOLECULAR GLUE DEGRADERS AND PI3K/AKT/mTOR PATHWAY INHIBITORS,A61K 31/436; A61K 31/4439; A61K 31/454; A61K 31/517; A61K 31/519; A61K 31/5377; A61K 45/06; A61P 35/00; A61P 35/02
773,WO2024015618,PCT/US2023/027841,14.07.2023,WO,"SUBSTITUTED 3-(1-OXOISOINDOLIN-2-YL)PIPERIDINE-2,6-DIONE/2-(2,6-DIOXOPIPERIDIN-3-YL)ISOINDOLINE-1,3-DIONE ANALOGS AS MODULATORS OF CEREBLON PROTEIN",A61K 31/395; A61K 31/404; A61K 31/403; A61K 31/33
775,WO2024015565,PCT/US2023/027760,14.07.2023,WO,METHODS OF PREPARING AN ISOINDOLINONE DERIVATIVE AND CRYSTAL FORMS THEREOF,C07D 401/04; A61K 31/443; A61P 35/00
784,WO2024039689,PCT/US2023/030294,15.08.2023,WO,HETEROCYCLE RBM39 MODULATORS,C07D 403/12; C07D 405/12; C07D 409/12; C07D 413/12; C07D 413/14; C07D 417/12; C07D 417/14; C07D 471/04; A61P 35/00; A61K 31/422; A61K 31/433; A61K 31/427
792,US429025945,18462129,06.09.2023,US,CK1 alpha AND DUAL CK1 alpha / GSPT1 DEGRADING COMPOUNDS,C07D 401/14
793,WO2024054832,PCT/US2023/073535,06.09.2023,WO,CK1α AND DUAL CK1α / GSPT1 DEGRADING COMPOUNDS,C07D 401/14; C07D 405/14; C07D 413/14; C07D 417/14; C07D 409/14; C07D 495/04; C07D 471/04; A61P 35/00
794,WO2024051766,PCT/CN2023/117399,07.09.2023,WO,基于cereblon蛋白设计的分子胶化合物及其应用,C07D 401/04; C07D 401/14; C07D 405/14; C07D 471/04; C07D 491/107; C07D 487/08; C07D 413/14; C07D 471/08; C07D 409/14; C07D 417/14; A61K 31/454; A61K 31/496; A61K 31/541; A61K 31/55; A61K 31/506; A61K 31/517; A61K 31/675; A61P 35/00; A61P 35/02; A61P 7/06
795,WO2024059107,PCT/US2023/032595,13.09.2023,WO,IKZF2 AND CK1-ALPHA DEGRADING COMPOUNDS AND USES THEREOF,C07D 209/46; A61K 31/4035; A61P 35/02
796,US428011455,18368497,14.09.2023,US,"SUBSTITUTED N-(2-(2,6-DIOXOPIPERIDIN-3-YL)-1,3-DIOXOISOINDOLIN-5-YL)ARYLSULFONAMIDE ANALOGS AS MODULATORS OF CEREBLON PROTEIN",C07D 401/04; A61K 31/45; A61K 45/06; A61P 35/00; A61P 35/02; C07D 405/14; C07D 409/14; C07D 413/14
812,WO2024086361,PCT/US2023/035642,20.10.2023,WO,MOLECULAR GLUE DEGRADER COMPOUNDS AND USES THEREOF,A61P 35/00; C07D 237/20; C07D 237/24; C07D 487/04; C07D 495/14; A61K 31/551; A61K 31/519
834,WO2024129634,PCT/US2023/083478,12.12.2023,WO,RBM39 SULFONAMIDE INHIBITORS,C07D 209/14; C07D 401/12; C07D 401/14; C07D 403/12; C07D 405/12; C07D 413/12; C07F 9/28; A61P 35/00
886,WO2024229040,PCT/US2024/027089,30.04.2024,WO,HETEROAROMATIC INDOLESULFONAMIDES,C07D 417/12; A61K 31/404; A61K 31/416; A61K 31/4184; A61K 31/422; A61K 31/4245; A61K 31/427; A61K 31/433; A61K 31/437; A61K 31/454; A61K 31/519; A61K 31/5377; A61K 31/541; A61P 35/00; C07D 209/42; C07D 403/12; C07D 405/12; C07D 405/14; C07D 409/12; C07D 409/14; C07D 413/12; C07D 417/14; C07D 471/04; C07D 487/04
900,WO2024241248,PCT/IB2024/054989,22.05.2024,WO,COMPOUNDS TARGETING KRAS G12D MUTATIONS AND THEIR USES,C07D 233/64; A61K 31/417; A61K 31/5377; A61K 31/4745; A61P 35/00; C07D 471/04; C07D 473/32; C07F 9/6539; C07D 403/12; C07D 239/04
903,US439558770,18736528,07.06.2024,US,Covalent Molecular Glue Stabilizers and Platform,G01N 33/58; A61K 31/407; A61K 31/4439; C07D 487/10
905,WO2024255810,PCT/CN2024/099076,13.06.2024,WO,"DIHYDROPYRIMIDINE-2, 4 (1H, 3H) -DIONE-CONTAINING POLYCYCLIC DERIVATIVES AND PHARMACEUTICAL COMPOSITION THEREOF, PREPARATION METHOD THEREOF AND USE THEREOF",C07D 471/04; C07D 407/14; C07D 413/14; A61K 31/437; A61K 31/423; A61K 31/343; A61P 7/00
909,WO2024259341,PCT/US2024/034158,14.06.2024,WO,COMPOUNDS AND PHARMACEUTICAL COMPOSITIONS THAT DEGRADE SWI/SNF-RELATED MATRIX-ASSOCIATED ACTIN-DEPENDENT REGULATOR OF CHROMATIN SUBFAMILY A,
910,WO2024259336,PCT/US2024/034153,14.06.2024,WO,COMPOUNDS AND PHARMACEUTICAL COMPOSITIONS THAT DEGRADE SWI/SNF-RELATED MATRIX-ASSOCIATED ACTIN-DEPENDENT REGULATOR OF CHROMATIN SUBFAMILY A,
911,WO2024259345,PCT/US2024/034164,14.06.2024,WO,COMPOUNDS AND PHARMACEUTICAL COMPOSITIONS THAT DEGRADE SWI/SNF-RELATED MATRIX-ASSOCIATED ACTIN-DEPENDENT REGULATOR OF CHROMATIN SUBFAMILY A,A61K 31/395; A61K 31/498; A61K 31/4995; A61K 31/166; A61K 31/33
918,WO2024251301,PCT/CN2024/103853,05.07.2024,WO,一种含肟结构的GSPT1蛋白降解剂及其制备方法和应用,C07D 401/04; A61K 31/33; A61K 31/405; A61P 35/00
920,US444649530,18805472,14.08.2024,US,COMPOUND BASED ON QUINAZOLINE-SUBSTITUTED GLUTARIMIDE SKELETON AND USE THEREOF,C07D 401/04; A61K 31/496; A61K 31/517; A61K 31/5377; A61K 31/5386; A61K 31/551; A61P 35/00; C07D 401/14; C07D 405/14; C07D 498/08
